id,active,user_id,license_number,email,phone
1,1,9,5ab85224-d971-4438-b23d-653fc18e4c7e,pmurrthum0@people.com.cn,565-975-6190
2,1,10,f12fcd94-6968-469e-9dbc-3ed68510414e,lmountlow1@constantcontact.com,666-601-1251
3,1,11,e916eba6-abee-49a5-a938-b552f3f04ef2,utue2@slate.com,330-804-1466
4,1,12,eda6bce2-99e6-4ce0-9bbf-4bcd11ead862,kadiscot3@histats.com,869-170-8658
5,1,13,796fe306-f63d-4db2-a32e-42be1cd9df4e,cdaniels4@posterous.com,618-596-2562
6,1,15,2d3819a3-0f39-4d29-b279-b2799450b611,rbartell5@ask.com,865-645-2866
7,1,17,01251b05-51aa-4bfd-b447-8886c563461a,aheadey6@google.co.jp,702-211-9761
8,1,18,147819b2-3654-49e8-b8b6-b0026fad6a25,iaronowitz7@yandex.ru,834-137-2642
9,1,26,84391336-042a-4f8b-bde8-99c3538ddfd0,clasham8@dot.gov,664-710-8649
10,1,27,ccf3853a-6451-426a-b933-8ebd1b52353b,pgillion9@redcross.org,442-965-7633
11,1,28,2014c5e4-349d-4765-9651-1cf896fb45be,hsilleya@apple.com,223-263-4556
12,1,29,4828c91b-0da4-47f9-ae4e-aa84221662c0,pgerrettb@ezinearticles.com,169-366-9294
13,1,31,8deb5aad-428b-46b9-b312-ccc223ad436d,mhakonsenc@vimeo.com,262-860-8912
14,1,32,680398da-7ade-48d6-af4f-b48e02925408,dbrashierd@japanpost.jp,247-392-0010
15,1,33,c991c813-f565-4569-acd2-be17f1dcd86c,nmongine@nature.com,762-258-4382
16,1,35,99d371a6-8f85-4f75-884f-3919fec01cb6,palentyevf@shinystat.com,824-941-2016
17,1,36,cb2001ff-471f-4bba-8751-26ae90fbcec5,kninehamg@bluehost.com,229-385-5136
18,1,37,4b7c0624-c187-47db-8ceb-f06b1d806ab6,mdjurdjevich@weather.com,379-368-8774
19,1,38,dca80974-9ea0-4e3e-b360-827f89938063,whaxbiei@topsy.com,235-364-6459
20,1,39,4e1e3ae1-676e-4dbf-ae65-fc797f91ab4f,cwaltersj@indiegogo.com,988-264-1295
21,1,40,9872bcd0-9b7e-4e41-834d-26a3bd4d1c91,mloughrenk@goodreads.com,899-385-3930
22,1,43,dbd83ac4-a496-4b38-aa86-f026369d14de,bskirvinl@hud.gov,556-547-0212
23,1,44,2969acbd-dcaa-49b6-aa2e-849e1c761753,gpratenm@nih.gov,817-748-8720
24,1,46,edae1d2a-99b3-49da-9a3b-198cf5d2118b,rscoatesn@accuweather.com,421-977-6048
25,1,48,9e2abcb3-9b94-430d-b7be-44edeed83e9d,cchomiszewskio@mozilla.com,899-170-1933
26,1,49,82dfa0e2-5082-4f44-88f5-5988b490630f,mhollebonp@youtu.be,500-949-8887
27,1,105,887c997e-8e41-4b69-a264-3181887f42c3,lrutherfordq@istockphoto.com,296-657-9412
28,1,106,e74dc014-fc47-413a-9852-12b3d318bbd8,fcaldeyrouxr@indiatimes.com,869-644-7386
29,1,107,4a982f65-6c4b-4e6b-939b-7fce672d80f6,jbradnocks@technorati.com,890-761-8258
30,1,109,3b6180fe-d44c-4c67-9aff-60b056b55a80,sgroundwatert@chron.com,466-589-2941
31,1,110,3b6180fe-aaaa-4c67-9aff-60b056b55a80,watert@chron.com,466-577-2941