id,active,property_id,user_id,title,description,
1,true,211,35,Steamboat Round the Bend,Multi-tiered zero defect infrastructure,
2,true,501,15,Delusions of Grandeur (La folie des grandeurs),Realigned didactic hub,
3,true,134,27,Damsels in Distress,Profit-focused local complexity,
4,true,331,28,Bad Boys II,Multi-lateral mobile analyzer,
5,true,419,27,Army of Shadows (L\'armée des ombres),Adaptive motivating function,
6,true,370,27,"New Kind of Love, A",Customer-focused coherent parallelism,
7,true,609,12,Valley Of Flowers,Reverse-engineered asynchronous hardware,
8,true,85,31,Human Planet,Configurable cohesive budgetary management,
9,true,159,11,Luke and Lucy: The Texas Rangers (Suske en Wiske: De Texas rakkers),Cross-platform solution-oriented open architecture,
10,true,302,36,"Yakuza, The",Object-based bandwidth-monitored website,
11,true,547,36,Cremaster 2,User-centric regional hardware,
12,true,6,39,African Cats,Multi-layered local budgetary management,
13,true,142,48,Lahore,Total heuristic flexibility,
14,true,684,18,Warrior,Cross-platform upward-trending capacity,
15,true,504,10,"Frighteners, The",Centralized asymmetric algorithm,
16,true,590,31,"Rink, The",Decentralized methodical local area network,
17,true,299,37,"Woman Under the Influence, A",Persistent mobile policy,
18,true,372,18,"Sacrament, The",Optimized motivating archive,
19,true,676,44,Comrade Pedersen (Gymnaslærer Pedersen),Devolved client-driven framework,
20,true,515,15,"Cove, The",Team-oriented systemic benchmark,
21,true,755,35,At Berkeley,Distributed 24 hour database,
22,true,831,33,Midnight Lace,Right-sized bandwidth-monitored approach,
23,true,896,18,Swoon,Synergistic user-facing local area network,
24,true,842,27,"Rumor of Angels, A",Reverse-engineered regional analyzer,
25,true,269,109,Underworld,Innovative 5th generation software,
26,true,202,29,Wimbledon,Optional needs-based policy,
27,true,57,26,Fireworks (Hana-bi),Re-engineered incremental knowledge base,
28,true,684,26,There\'s Only One Sun,Persistent didactic internet solution,
29,true,310,106,Unhook the Stars,Expanded actuating project,
30,true,274,106,"Edison, the Man",Fundamental interactive migration,
31,true,478,33,3-Iron (Bin-jip),Multi-lateral client-driven Graphical User Interface,
32,true,455,26,Jonah Who Will Be 25 in the Year 2000 (Jonas qui aura 25 ans en l\'an 2000),Object-based zero defect portal,
33,true,827,39,Lost in America,Self-enabling bi-directional parallelism,
34,true,860,9,In God\'s Hands,Right-sized optimal open system,
35,true,31,107,Dead Awake,Enhanced demand-driven hierarchy,
36,true,121,38,Born to Defense (Zhong hua ying xiong),Stand-alone responsive data-warehouse,
37,true,125,17,Pure Country,Configurable 24 hour secured line,
38,true,16,48,"Pinochet Case, The (Cas Pinochet, Le)",Synergistic well-modulated ability,
39,true,131,11,Armour of God (Long xiong hu di),Programmable well-modulated toolset,
40,true,676,39,Chris Rock: Bigger & Blacker,De-engineered heuristic website,
41,true,552,28,Wings in the Dark,Assimilated dynamic circuit,
42,true,351,109,Welcome to Collinwood,Configurable stable hub,
43,true,36,33,Swamp Women,Vision-oriented 24/7 functionalities,
44,true,212,109,MR 73 (a.k.a. The Last Deadly Mission),Polarised asynchronous function,
45,true,186,27,Courier,Right-sized optimizing focus group,
46,true,80,107,Recipe for Love,Cloned scalable contingency,
47,true,123,35,Short Eyes,Balanced homogeneous open architecture,
48,true,76,38,"Promise, The (La promesse)",Integrated 5th generation workforce,
49,true,387,40,Rehearsals for Extinct Anatomies,Polarised system-worthy software,
50,true,396,13,"Unsaid, The",Sharable 6th generation benchmark,
51,true,136,27,"Black Sleep, The",Open-architected client-server hardware,
52,true,143,109,Raging Bull,Decentralized actuating data-warehouse,
53,true,500,105,"Real McCoy, The",Organized multi-tasking complexity,
54,true,460,28,Identity Thief,Seamless eco-centric functionalities,
55,true,27,9,Fear and Trembling (Stupeur et tremblements),Programmable interactive throughput,
56,true,381,28,Man to Man,Networked solution-oriented leverage,
57,true,374,13,"Hunting Party, The",Progressive tertiary interface,
58,true,207,13,In Passing,Exclusive even-keeled hierarchy,
59,true,201,39,Moonlight Serenade,Centralized 3rd generation methodology,
60,true,67,44,"Suddenly, Last Summer",Multi-channelled optimal pricing structure,
61,true,140,15,City of Ghosts,Function-based coherent array,
62,true,78,28,Mr. Nobody,Organized executive emulation,
63,true,332,11,"China Syndrome, The",Re-engineered 24 hour definition,
64,true,331,18,Feast II: Sloppy Seconds,Operative user-facing workforce,
65,true,670,107,Missile to the Moon,Switchable even-keeled structure,
66,true,7,37,"Killing of America, The",Pre-emptive systemic leverage,
67,true,449,13,Rapid Fire,Persevering modular function,
68,true,507,38,"Adventures of Ichabod and Mr. Toad, The",Triple-buffered actuating array,
69,true,344,11,Transformers: Age of Extinction,Multi-layered object-oriented leverage,
70,true,475,15,Fried Green Tomatoes,Vision-oriented well-modulated toolset,
71,true,662,36,Bambi 2,Self-enabling 3rd generation projection,
72,true,455,29,Cop Land,Realigned zero tolerance firmware,
73,true,159,31,Live Wire,Sharable well-modulated parallelism,
74,true,52,40,"Boy Who Could Fly, The",Centralized object-oriented encoding,
75,true,528,26,Underworld,Cross-platform 24 hour circuit,
76,true,106,28,Direct Contact,Future-proofed discrete synergy,
77,true,811,33,Set Me Free (Emporte-moi),Diverse intermediate throughput,
78,true,239,36,"House of the Devil, The",Up-sized 3rd generation software,
79,true,339,38,If....,Extended motivating knowledge base,
80,true,68,18,Meantime,Horizontal mission-critical info-mediaries,
81,true,844,32,Opening Night,Self-enabling motivating firmware,
82,true,826,37,"Long Ride Home, The",Function-based responsive hierarchy,
83,true,20,17,Die Hard,Customer-focused national groupware,
84,true,323,15,"Changeling, The",Polarised systemic focus group,
85,true,24,27,I Love You Phillip Morris,Realigned bandwidth-monitored core,
86,true,886,44,Chapter 27,Vision-oriented executive website,
87,true,691,46,Unstoppable,Open-architected reciprocal initiative,
88,true,152,40,Elevator ,Reverse-engineered dynamic monitoring,
89,true,113,46,Getaway,Innovative holistic data-warehouse,
90,true,164,35,Hana (Hana yori mo naho),Right-sized bottom-line system engine,
91,true,545,105,Jimi: All Is by My Side,Integrated upward-trending customer loyalty,
92,true,212,40,Diplomacy (Diplomatie),Operative human-resource interface,
93,true,536,28,Arnold,Adaptive static protocol,
94,true,86,43,Enigma,Total regional function,
95,true,659,12,"Babadook, The",Organic background instruction set,
96,true,132,33,Holy Rollers,Open-architected transitional project,
97,true,114,15,Fahrenheit 9/11,Public-key next generation system engine,
98,true,880,36,Big Eden,Persevering systemic capacity,
99,true,672,29,Fanatics (Kulman pojat),User-friendly multimedia artificial intelligence,
100,true,44,31,"Stepford Wives, The",Synergistic non-volatile neural-net,
101,true,507,11,Children of the Decree (Das Experiment 770 - Gebären auf Befehl),Polarised bottom-line functionalities,
102,true,507,107,"Champion, The",Ergonomic fresh-thinking Graphic Interface,
103,true,813,107,Talladega Nights: The Ballad of Ricky Bobby,Managed homogeneous application,
104,true,305,107,Nurse Betty,Organic empowering support,
105,true,336,46,Downhill Racer,Multi-layered non-volatile orchestration,
106,true,189,13,Twilight,Self-enabling fresh-thinking software,
107,true,857,35,Bey Yaar,Multi-lateral eco-centric contingency,
108,true,14,9,Painless (Insensibles) ,Reactive scalable analyzer,
109,true,656,18,More Wild Wild West,Sharable holistic hierarchy,
110,true,10,10,Time Walker (a.k.a. Being From Another Planet),Profound scalable parallelism,
111,true,874,32,Over the Top,Fully-configurable transitional Graphic Interface,
112,true,732,18,"Flying Deuces, The",Virtual tertiary software,
113,true,483,105,Let\'s Be Cops,Assimilated full-range info-mediaries,
114,true,13,28,Missing in Action 2: The Beginning,Automated intangible adapter,
115,true,579,15,"Hard Way, The",Managed systemic concept,
116,true,279,43,Advance to the Rear,Pre-emptive real-time strategy,
117,true,452,107,Fingers at the Window,Sharable cohesive standardization,
118,true,241,107,"Not on Your Life (Verdugo, El) (Executioner, The)",Multi-tiered transitional matrix,
119,true,604,13,Kill Bill: Vol. 2,Team-oriented next generation structure,
120,true,141,39,"Bounty, The",Multi-channelled high-level algorithm,
121,true,266,43,Vampires,Reverse-engineered heuristic time-frame,
122,true,515,11,Born into Brothels,Up-sized bandwidth-monitored local area network,
123,true,707,31,Ménilmontant,Stand-alone zero tolerance benchmark,
124,true,695,10,What Is It?,Progressive maximized paradigm,
125,true,740,28,Peacock,Customer-focused discrete middleware,
126,true,258,46,Galaxy Quest,Assimilated multimedia framework,
127,true,859,105,"Brass Teapot, The",Business-focused 3rd generation matrices,
128,true,451,37,K-911,Enterprise-wide logistical migration,
129,true,41,36,High Test Girls,Right-sized clear-thinking core,
130,true,829,27,Echoes of the Rainbow (Sui yuet san tau),Realigned cohesive functionalities,
131,true,91,15,Journey Into Fear,Versatile zero tolerance service-desk,
132,true,271,12,Big City Blues,Reverse-engineered value-added frame,
133,true,343,28,I Want to Be a Soldier,Distributed even-keeled firmware,
134,true,164,35,"Wayward Cloud, The (Tian bian yi duo yun)",Down-sized well-modulated infrastructure,
135,true,413,109,Ira and Abby,Cloned hybrid forecast,
136,true,225,44,Ossos,Digitized 5th generation support,
137,true,489,105,Masterminds,Organized didactic infrastructure,
138,true,330,29,Air America,Universal hybrid methodology,
139,true,621,32,"Rum Diary, The",Managed mission-critical database,
140,true,643,48,Cream Lemon (Kurîmu remon),Function-based dynamic data-warehouse,
141,true,232,26,Ben-Hur: A Tale of the Christ,Secured 6th generation framework,
142,true,209,12,Once Upon a Crime...,Expanded demand-driven moratorium,
143,true,284,106,Made in Hong Kong (Xiang Gang zhi zao),Synergized zero defect instruction set,
144,true,472,28,"Woman on the Beach, The",Public-key interactive monitoring,
145,true,380,43,Vesku from Finland (Vesku),Cross-platform human-resource time-frame,
146,true,476,43,"Lair of the White Worm, The",Exclusive system-worthy artificial intelligence,
147,true,59,15,Shanghai Knights,Digitized 3rd generation installation,
148,true,875,44,"Paradine Case, The",Configurable non-volatile complexity,
149,true,221,36,Kiss Me Goodbye,Persevering maximized open system,
150,true,173,35,My Favorite Martian,Re-engineered non-volatile productivity,
151,true,194,107,Podwórka,Balanced zero tolerance framework,
152,true,650,32,"Legend of Lizzie Borden, The",Persevering background artificial intelligence,
153,true,770,109,Christmas Evil (a.k.a. You Better Watch Out),Centralized maximized functionalities,
154,true,795,35,Luna de Avellaneda,Robust solution-oriented productivity,
155,true,647,38,Win Win,Adaptive impactful customer loyalty,
156,true,537,32,"Misérables, Les",Public-key incremental migration,
157,true,858,31,"Captain\'s Paradise, The",Triple-buffered mobile focus group,
158,true,368,43,Wadd: The Life & Times of John C. Holmes,Enhanced maximized algorithm,
159,true,517,13,Where East Is East,Synchronised coherent support,
160,true,284,18,Frozen Planet,Persistent responsive leverage,
161,true,648,109,Revengers Tragedy,Balanced client-driven paradigm,
162,true,283,29,Margot at the Wedding,Organic 4th generation benchmark,
163,true,39,106,International House,Grass-roots needs-based frame,
164,true,106,27,Murder Most Foul,Universal fresh-thinking ability,
165,true,789,13,They Call Me Trinity,Optimized content-based standardization,
166,true,239,46,Devil Times Five (a.k.a. Peopletoys),Intuitive executive hub,
167,true,435,109,"Greatest Movie Ever Sold, The (POM Wonderful Presents: The Greatest Movie Ever Sold)",Enhanced optimal budgetary management,
168,true,756,40,Downeast,Triple-buffered fresh-thinking array,
169,true,474,9,"Relic, The",Vision-oriented holistic moratorium,
170,true,769,32,12th & Delaware,Intuitive bi-directional neural-net,
171,true,581,11,Monsters,Advanced dedicated algorithm,
172,true,13,37,Sleeping with the Enemy,Fundamental regional groupware,
173,true,832,17,"Bunch Of Amateurs, A",Diverse content-based knowledge user,
174,true,549,35,Autumn Spring (Babí léto),Customizable even-keeled hierarchy,
175,true,451,35,"Best and the Brightest, The",Reverse-engineered needs-based solution,
176,true,42,43,Pelle Svanslös i Amerikatt,Streamlined grid-enabled methodology,
177,true,128,44,"Innocent, The (Innocente, L\')",Robust analyzing matrices,
178,true,305,29,"Day the Earth Stood Still, The",Intuitive local system engine,
179,true,592,28,Air Doll (Kûki ningyô),Multi-channelled incremental collaboration,
180,true,864,36,"Sentimental Swordsman, The (To ching chien ko wu ching chien)",Profit-focused optimizing database,
181,true,540,106,"Hucksters, The",Multi-tiered zero defect concept,
182,true,661,39,"Flying Fleet, The",Managed coherent implementation,
183,true,523,27,Sweet Hearts Dance,User-friendly neutral synergy,
184,true,580,107,East Meets West (Dung sing sai tsau 2011),Realigned static conglomeration,
185,true,840,28,The 11 Commandments,Organic systematic superstructure,
186,true,166,18,"Day of the Doctor, The",Virtual next generation throughput,
187,true,596,44,Torn Curtain,Multi-layered value-added intranet,
188,true,328,107,My Fellow Americans,Upgradable directional hub,
189,true,121,15,Krabat,Persevering static attitude,
190,true,492,13,Left Behind: World at War,Triple-buffered stable knowledge user,
191,true,548,32,Never Forever,Switchable solution-oriented flexibility,
192,true,498,33,Disturbing Behavior,Operative mission-critical frame,
193,true,72,27,Identity,Fully-configurable 3rd generation framework,
194,true,102,31,Animal Room,Polarised didactic extranet,
195,true,899,106,Linda Linda Linda,Ergonomic tangible neural-net,
196,true,392,36,"Wounds, The (Rane)",Horizontal global budgetary management,
197,true,8,107,The Mystery of the Leaping Fish,Advanced stable pricing structure,
198,true,459,33,Mother and Child,Ergonomic static collaboration,
199,true,110,43,Something Wild,Cross-platform systematic conglomeration,
200,true,884,28,Tekkonkinkreet (Tekkon kinkurîto),Pre-emptive context-sensitive superstructure,
201,true,484,37,Herb & Dorothy,Advanced national circuit,
202,true,74,28,Breathing Room,Face to face regional local area network,
203,true,420,13,"Comedy of Terrors, The",Triple-buffered background model,
204,true,766,15,Taste of Cherry (Ta\'m e guilass),Quality-focused homogeneous info-mediaries,
205,true,254,32,Tasting Menu,Reduced dedicated policy,
206,true,736,107,"Django, Kill... If You Live, Shoot! (Se sei vivo spara)",Stand-alone multimedia neural-net,
207,true,699,9,009 Re: Cyborg,Fully-configurable well-modulated Graphic Interface,
208,true,196,32,Shadow of Angels (Schatten der Engel),Adaptive global Graphic Interface,
209,true,333,36,"Bullfighters, The",Open-source solution-oriented moderator,
210,true,845,33,Pride and Glory,Fully-configurable needs-based groupware,
211,true,293,109,"Mummy, The",Fully-configurable leading edge project,
212,true,532,109,The Count of Monte Cristo,Extended optimal system engine,
213,true,435,33,Submarine X-1,Re-contextualized neutral open architecture,
214,true,338,18,Zombies of Mora Tau,Programmable multimedia utilisation,
215,true,785,9,Going Postal,Diverse executive info-mediaries,
216,true,790,107,Death and the Maiden,Open-source incremental leverage,
217,true,100,48,"Brave, The",Re-contextualized tangible local area network,
218,true,691,10,1991: The Year Punk Broke,Networked explicit alliance,
219,true,167,17,Cirque du Soleil: Dralion,Reactive human-resource capability,
220,true,401,105,Devil,Profit-focused full-range policy,
221,true,676,109,Trailer Park Boys: Live at the North Pole,Future-proofed stable budgetary management,
222,true,146,17,"Merchant of Venice, The",Persistent radical task-force,
223,true,899,13,Herb & Dorothy,Automated 4th generation middleware,
224,true,116,29,"New York Ripper, The (Squartatore di New York, Lo)",Ameliorated disintermediate matrices,
225,true,602,18,Ghost in the Machine (a.k.a. Deadly Terror),Multi-lateral dedicated benchmark,
226,true,878,35,Retrogade,Diverse content-based array,
227,true,84,29,Hush,Distributed local contingency,
228,true,228,29,Border Feud,Realigned intermediate firmware,
229,true,531,28,Cop and ½,Intuitive 4th generation encryption,
230,true,255,49,This Is Not a Film (In film nist),Future-proofed explicit moratorium,
231,true,575,29,Zelig,Implemented bandwidth-monitored hardware,
232,true,170,31,Typhoon (Tae-poong),Versatile regional challenge,
233,true,133,106,Man of the House,Customer-focused client-server forecast,
234,true,252,38,Pressure Point ,Multi-lateral composite implementation,
235,true,26,31,18 Fingers of Death!,Cross-group radical superstructure,
236,true,313,40,"Interrupters, The",Business-focused logistical encryption,
237,true,201,106,In Their Skin,Visionary asymmetric flexibility,
238,true,415,48,Mahogany,Enhanced mission-critical Graphic Interface,
239,true,504,10,Ethan Mao,User-centric radical strategy,
240,true,810,39,Michael,Proactive encompassing hardware,
241,true,120,37,Cirque du Soleil: Worlds Away,Open-architected impactful matrices,
242,true,706,109,Oscar and Lucinda (a.k.a. Oscar & Lucinda),Organic 24/7 array,
243,true,724,32,Don\'t Think About It (Non Pensarci),Seamless even-keeled artificial intelligence,
244,true,478,105,Buddy Buddy,Total mission-critical local area network,
245,true,731,37,"Bow, The (Hwal)",Versatile 6th generation frame,
246,true,23,33,"Banger Sisters, The",Virtual explicit alliance,
247,true,444,36,"Frozen North, The",Business-focused empowering website,
248,true,450,44,Peter Ibbetson,Stand-alone background knowledge user,
249,true,35,44,Only God Knows (Sólo Dios Sabe),Team-oriented modular frame,
250,true,286,35,Meth,Universal neutral hardware,
251,true,520,17,Jubilation Street,Persevering 24/7 attitude,
252,true,203,48,Love Exposure,Horizontal real-time product,
253,true,394,109,Stupid Boy (Garçon stupide),Reverse-engineered methodical website,
254,true,656,105,Once Bitten,Virtual systemic process improvement,
255,true,434,32,Candyman,Customizable multi-state functionalities,
256,true,204,31,Silverado,Self-enabling high-level interface,
257,true,55,10,Which Way Home,Front-line 5th generation secured line,
258,true,503,15,"Spy Next Door, The",Exclusive systematic strategy,
259,true,498,106,"Grandpa for Christmas, A (Bert & Becca)",Profound multi-tasking middleware,
260,true,28,17,The Derby Stallion,Monitored intangible methodology,
261,true,22,107,Twelve Angry Men,Extended scalable framework,
262,true,83,36,Dead Man\'s Walk,Assimilated cohesive monitoring,
263,true,606,29,"Golden Compass, The",Assimilated well-modulated knowledge base,
264,true,590,12,Goya: Crazy Like a Genius,Function-based exuding access,
265,true,172,37,Little Miss Broadway,Seamless actuating installation,
266,true,98,106,Zombieland,Fully-configurable bandwidth-monitored knowledge user,
267,true,347,12,Running Mates,User-centric 24/7 productivity,
268,true,458,9,Protocol,Compatible mobile productivity,
269,true,582,39,Armour of God II: Operation Condor (Operation Condor) (Fei ying gai wak),Synergized eco-centric archive,
270,true,227,105,"It Is Written in the Stars, Inspector Palmu (Tähdet kertovat, komisario Palmu)",Object-based homogeneous product,
271,true,241,39,Monsignor,Object-based client-driven help-desk,
272,true,180,33,Beauty and the Beast (Beauty and the Beasts: A Dark Tale),Quality-focused mission-critical extranet,
273,true,303,33,Ramona and Beezus,Front-line homogeneous middleware,
274,true,293,48,10 Items or Less,Realigned 4th generation standardization,
275,true,467,48,"Woman\'s Face, A (En kvinnas ansikte) ",Self-enabling analyzing artificial intelligence,
276,true,124,106,"Palm Beach Story, The",Advanced uniform flexibility,
277,true,858,10,Volver,Open-architected optimal challenge,
278,true,869,15,Hangtime - Kein leichtes Spiel,Focused asymmetric framework,
279,true,889,17,Angel Eyes,Horizontal mobile hub,
280,true,11,44,Woman on the Beach (Haebyeonui yeoin),Cross-group demand-driven framework,
281,true,897,9,"Taste of Tea, The (Cha no aji)",Profit-focused cohesive methodology,
282,true,806,11,Jungleground,Inverse systematic paradigm,
283,true,620,109,Z.P.G.,Automated cohesive strategy,
284,true,633,46,We Are What We Are,Quality-focused discrete service-desk,
285,true,516,11,Captive (Cautiva) ,Fully-configurable clear-thinking frame,
286,true,414,109,Breakin\' All the Rules,Profit-focused multi-tasking workforce,
287,true,62,15,Brides of Dracula,Stand-alone optimizing database,
288,true,559,107,"Pig\'s Tale, A",Open-source mobile definition,
289,true,616,33,Snow White and the Huntsman,Robust motivating core,
290,true,111,12,Primrose Path,Customizable human-resource open system,
291,true,299,26,Camille Claudel 1915,Business-focused bifurcated artificial intelligence,
292,true,554,31,Snow Falling on Cedars,Total system-worthy conglomeration,
293,true,112,27,Once Upon a Time in the Midlands,Re-engineered holistic strategy,
294,true,155,11,Koi... Mil Gaya,Mandatory 24 hour support,
295,true,276,32,"Mighty, The",Public-key 6th generation array,
296,true,473,18,"Je, tu, il, elle (I, You, He, She)",Stand-alone clear-thinking extranet,
297,true,373,36,Restless (Levottomat),Re-engineered upward-trending service-desk,
298,true,20,17,Kill List,Total hybrid intranet,
299,true,485,18,"Best Man Holiday, The",Monitored national neural-net,
300,true,322,46,Quarantine,Total static middleware,
301,true,618,37,Body Shots,Stand-alone regional Graphical User Interface,
302,true,297,9,Rehearsals for Extinct Anatomies,Versatile heuristic emulation,
303,true,54,29,The Gang That Sold America,Expanded cohesive capability,
304,true,281,48,Twelve and Holding,Optional local data-warehouse,
305,true,652,40,Alexander the Great,Exclusive tangible knowledge user,
306,true,900,11,Mother and Child,Up-sized encompassing hierarchy,
307,true,628,31,11 Harrowhouse,Universal well-modulated alliance,
308,true,3,44,Battleground,Cross-group leading edge instruction set,
309,true,129,11,Montana,Polarised non-volatile model,
310,true,698,26,Leprechaun,Fully-configurable bottom-line approach,
311,true,520,18,Horns,Multi-layered 5th generation architecture,
312,true,89,33,"Cure, The",De-engineered non-volatile local area network,
313,true,451,106,Fanny,Virtual even-keeled groupware,
314,true,469,106,Late Bloomers,Adaptive dynamic software,
315,true,77,36,"Average Little Man, An (Un borghese piccolo piccolo)",Triple-buffered logistical core,
316,true,642,18,Assault on a Queen,Programmable coherent parallelism,
317,true,142,43,Universal Soldier: Regeneration,Networked intermediate customer loyalty,
318,true,782,48,Donnie Brasco,Profit-focused systemic implementation,
319,true,201,32,"Certain Kind Of Death, A",Customizable secondary emulation,
320,true,771,107,Birds of America,Re-engineered web-enabled array,
321,true,259,35,"Horse\'s Mouth, The",Inverse high-level leverage,
322,true,258,49,Down Argentine Way,Open-architected leading edge protocol,
323,true,584,12,Telling You,Profound discrete support,
324,true,339,35,Soapdish,Persevering background archive,
325,true,518,39,Latcho Drom,Multi-lateral full-range core,
326,true,215,36,Happy Feet,Intuitive mobile complexity,
327,true,894,17,"Three Musketeers, The",Devolved multi-state initiative,
328,true,360,29,"Wednesday!, A",Re-contextualized interactive attitude,
329,true,586,33,Beefcake,Re-engineered foreground policy,
330,true,294,44,"Boost, The",Quality-focused holistic task-force,
331,true,290,43,"Thin Man, The",Triple-buffered executive synergy,
332,true,880,46,Girl Most Likely,Upgradable leading edge time-frame,
333,true,487,11,White Dog,Decentralized fault-tolerant system engine,
334,true,417,9,Grave Secrets (Silent Screams),Virtual bifurcated frame,
335,true,407,105,Collision Earth,Adaptive real-time Graphic Interface,
336,true,148,26,Our Town,Intuitive interactive focus group,
337,true,810,38,"Sadist, The",Reactive homogeneous matrix,
338,true,100,49,Saawariya,Function-based didactic secured line,
339,true,233,43,Rudo y Cursi (Rough and Vulgar),Digitized homogeneous local area network,
340,true,150,43,Alice,Team-oriented next generation forecast,
341,true,745,13,Small Faces,Adaptive optimizing capability,
342,true,74,17,Zombies on Broadway,Down-sized fault-tolerant portal,
343,true,688,49,In the Cut,Expanded attitude-oriented circuit,
344,true,748,31,Independence Day (a.k.a. ID4),Optional mission-critical function,
345,true,882,26,"Asphalt Jungle, The",Robust bifurcated encoding,
346,true,474,35,3 Days to Kill,Decentralized next generation emulation,
347,true,875,12,"Mask of Fu Manchu, The",Ergonomic zero administration customer loyalty,
348,true,679,27,Never Take Candy from a Stranger (Never Take Sweets from a Stranger),Managed actuating hub,
349,true,672,106,Zombeavers,Sharable 4th generation groupware,
350,true,53,29,À nous la liberté (Freedom for Us),Open-architected zero administration info-mediaries,
351,true,6,11,Attack of the Giant Leeches,Synchronised multimedia standardization,
352,true,228,106,Gangs of Wasseypur,Implemented homogeneous open architecture,
353,true,490,43,Fanny,Upgradable upward-trending solution,
354,true,105,43,Light Sleeper,Managed value-added ability,
355,true,616,26,"Legend of Sleepy Hollow, The",Digitized directional local area network,
356,true,281,39,From the Earth to the Moon,Operative system-worthy challenge,
357,true,177,49,Double Harness,Open-source discrete service-desk,
358,true,590,39,Stranded,Pre-emptive next generation hub,
359,true,600,35,Ip Man 2,Inverse heuristic knowledge base,
360,true,76,40,Bloody Mama,Compatible mobile policy,
361,true,272,15,"Dust of Time, The",Organic bandwidth-monitored encryption,
362,true,569,39,Wittgenstein,Phased 3rd generation encoding,
363,true,462,38,"3rd Voice, The",Advanced high-level migration,
364,true,714,33,Every Other Weekend (Un week-end sur deux),Team-oriented context-sensitive solution,
365,true,21,107,Song of the South,Self-enabling coherent service-desk,
366,true,94,109,"Fat, Sick & Nearly Dead",Mandatory static toolset,
367,true,554,43,Three Ages,Horizontal contextually-based infrastructure,
368,true,69,27,Kanak Attack,Intuitive interactive projection,
369,true,576,39,"Blind Side, The",Configurable scalable throughput,
370,true,140,37,It\'s Such a Beautiful Day,Phased dynamic open architecture,
371,true,639,15,Four Shades of Brown (Fyra nyanser av brunt),Robust responsive success,
372,true,619,12,Citizen Toxie: The Toxic Avenger IV,Synergized contextually-based open system,
373,true,391,35,187 (One Eight Seven),Visionary upward-trending service-desk,
374,true,784,107,"Not with My Wife, You Don\'t!",Team-oriented non-volatile extranet,
375,true,772,12,Android,Configurable global extranet,
376,true,245,44,Deliver Us from Evil,Adaptive attitude-oriented internet solution,
377,true,727,9,About a Boy,Up-sized directional archive,
378,true,454,26,"Man Who Fell to Earth, The",Programmable discrete strategy,
379,true,468,43,Backflash (Backflash Blues),Intuitive bi-directional time-frame,
380,true,255,107,First Daughter,Future-proofed encompassing parallelism,
381,true,158,107,Sonatine (Sonachine),Optional eco-centric installation,
382,true,544,46,Jimmy\'s Hall,Diverse bandwidth-monitored open architecture,
383,true,762,18,Flamingo Road,Optimized system-worthy intranet,
384,true,309,36,For Neda,Profit-focused explicit time-frame,
385,true,888,35,The Outsider,Virtual demand-driven help-desk,
386,true,461,17,Angels in the Outfield,Re-contextualized dedicated emulation,
387,true,344,26,Ten Little Indians,Ameliorated client-driven contingency,
388,true,99,49,Highway 61,Proactive context-sensitive hardware,
389,true,299,9,"Léon Morin, Priest (Léon Morin, prêtre)",User-centric zero tolerance artificial intelligence,
390,true,622,107,Bhowani Junction,Networked client-server time-frame,
391,true,499,35,Awesome, I Fuckin Shot That!,Progressive full-range middleware
392,true,672,9,Golden Gate,Focused explicit Graphic Interface,
393,true,84,9,Terri,Seamless web-enabled info-mediaries,
394,true,507,44,To Cross the Rubicon,Multi-tiered didactic functionalities,
395,true,258,33,Summer of the Monkeys,Networked global project,
396,true,294,39,"Eye 2, The (Gin gwai 2)",Profit-focused homogeneous intranet,
397,true,677,17,Coming Home (Gui lai),Open-architected demand-driven analyzer,
398,true,370,43,Olympian Holiday (Loma) ,Automated upward-trending throughput,
399,true,10,44,Tracker,Inverse tangible system engine,
400,true,667,13,"Undefeated, The",Multi-lateral system-worthy archive,
401,true,502,15,"Time for Killing, A",Grass-roots heuristic circuit,
402,true,661,46,Teenage Mutant Ninja Turtles III,Quality-focused real-time workforce,
403,true,752,105,20 Years After,Public-key empowering Graphic Interface,
404,true,790,36,My Own Private Idaho,Intuitive 4th generation projection,
405,true,87,27,Ocean\'s Eleven,Monitored full-range challenge,
406,true,131,27,Bluebeard (Barbe Bleue),Managed encompassing structure,
407,true,437,10,Afterschool,Ameliorated stable attitude,
408,true,896,37,"Mudlark, The",Persistent secondary architecture,
409,true,141,12,"Good, the Bad and the Ugly, The (Buono, il brutto, il cattivo, Il)",Multi-layered system-worthy architecture,
410,true,644,36,Jessabelle,Proactive modular matrix,
411,true,31,12,Jealousy,Mandatory directional architecture,
412,true,443,11,G.O.R.A.,Ameliorated grid-enabled knowledge user,
413,true,386,35,"Lovers on the Bridge, The (Amants du Pont-Neuf, Les)",Streamlined multi-state moratorium,
414,true,735,17,Edward II,Multi-tiered reciprocal structure,
415,true,745,27,Incendies,Streamlined solution-oriented analyzer,
416,true,196,37,Favor,Stand-alone clear-thinking hardware,
417,true,294,32,Pooh\'s Heffalump Movie,Enhanced client-driven conglomeration,
418,true,532,13,Bad Luck (Zezowate szczescie),Networked zero defect archive,
419,true,341,28,Lucy,Right-sized composite data-warehouse,
420,true,132,40,Boccaccio \'70,User-centric 4th generation challenge,
421,true,839,17,"Cat Concerto, The",Up-sized transitional challenge,
422,true,618,39,A Short History of Decay,Customizable zero defect groupware,
423,true,191,36,Doughboys,Fundamental attitude-oriented data-warehouse,
424,true,518,27,Barnens ö,Enterprise-wide bandwidth-monitored framework,
425,true,337,15,Fog Over Frisco,Progressive attitude-oriented structure,
426,true,515,27,Piter FM,Implemented intangible workforce,
427,true,13,49,All American Orgy (Cummings Farm),Synergistic 3rd generation utilisation,
428,true,738,109,"Pure Formality, A (Pura formalità, Una)",Balanced dynamic framework,
429,true,880,18,Our Children (À perdre la raison),Adaptive object-oriented forecast,
430,true,780,40,Sanctum,Synergistic mission-critical internet solution,
431,true,757,105,District 13 (Banlieue 13),Distributed mission-critical Graphic Interface,
432,true,709,36,Sut (Milk),Proactive heuristic attitude,
433,true,692,105,"Beverly Hillbillies, The",Organic object-oriented website,
434,true,227,29,My Dear Secretary,Versatile bandwidth-monitored ability,
435,true,56,48,"Give \'em Hell, Malone",User-friendly hybrid capacity,
436,true,122,49,Zotz!,Enhanced bottom-line solution,
437,true,41,106,Champagne,Triple-buffered radical parallelism,
438,true,532,46,"Farewell to Arms, A",Devolved analyzing service-desk,
439,true,546,40,Blues Brothers 2000,Profit-focused coherent complexity,
440,true,744,46,Italian for Beginners (Italiensk for begyndere),Open-architected background capacity,
441,true,291,40,"As Above, So Below",Multi-layered clear-thinking success,
442,true,627,27,"Other Dream Team, The",Robust didactic interface,
443,true,186,48,"Strategy of the Snail, The (Estrategia del Caracol, La)",Open-source upward-trending encoding,
444,true,380,10,Joffrey: Mavericks of American Dance,Cross-platform 5th generation architecture,
445,true,443,13,Vampires,Face to face didactic hub,
446,true,261,9,Essential Killing,Realigned modular structure,
447,true,375,39,"Front Line, The",Inverse attitude-oriented firmware,
448,true,898,37,Only You,Visionary bi-directional leverage,
449,true,888,27,"Portrait of a Lady, The",Decentralized contextually-based flexibility,
450,true,597,35,Shine a Light,Realigned coherent Graphic Interface,
451,true,334,9,Ballad of the Little Soldier (Ballade vom kleinen Soldaten),Function-based solution-oriented budgetary management,
452,true,675,39,"Rescuers, The",Re-engineered human-resource leverage,
453,true,612,49,Wonderland,Virtual bi-directional installation,
454,true,552,26,Taxi 4,Adaptive fresh-thinking strategy,
455,true,68,106,Solas,Object-based optimizing utilisation,
456,true,701,49,Emergo (Apartment 143),Multi-layered eco-centric productivity,
457,true,696,13,Hellboy,Multi-layered full-range array,
458,true,788,106,"No Blood Relation (Stepchild, The) (Nasanunaka)",Universal high-level project,
459,true,893,17,"1, 2, 3, Sun (Un, deuz, trois, soleil)",Networked web-enabled local area network,
460,true,812,17,Lupin III: First Contact (Rupan Sansei: Faasuto Kontakuto),Team-oriented optimizing secured line,
461,true,420,44,Space Station 76,Re-contextualized disintermediate workforce,
462,true,633,35,"Deceivers, The",Focused static initiative,
463,true,169,27,Brideshead Revisited,Down-sized holistic implementation,
464,true,284,13,Jonah Who Will Be 25 in the Year 2000 (Jonas qui aura 25 ans en l\'an 2000),Adaptive exuding encoding,
465,true,58,12,Fort Bliss,Cloned discrete interface,
466,true,345,38,Finding Forrester,Customer-focused clear-thinking alliance,
467,true,666,105,Tar,Programmable cohesive standardization,
468,true,836,48,V/H/S/2,Self-enabling solution-oriented definition,
469,true,219,48,Logan\'s Run,Face to face attitude-oriented parallelism,
470,true,706,11,"Ace of Aces (a.k.a. Super Ace, The) (As des as, L\')",Fundamental full-range neural-net,
471,true,667,27,"Song to Remember, A",User-friendly transitional task-force,
472,true,2,29,Modern Times,Multi-tiered mobile complexity,
473,true,389,12,"Sign of Leo, The (Signe du lion, Le)",Multi-lateral zero administration neural-net,
474,true,322,38,"Saragossa Manuscript, The (Rekopis znaleziony w Saragossie)",Automated 6th generation leverage,
475,true,782,17,James and the Giant Peach,Ergonomic homogeneous product,
476,true,27,13,The Infinite Man,Organic local matrices,
477,true,74,43,On the Beach,Proactive zero defect core,
478,true,569,49,"Hobbit, The",Front-line 3rd generation knowledge base,
479,true,214,40,"Fast & Furious 6 (Fast and the Furious 6, The)",Persistent actuating groupware,
480,true,885,9,"Welcome Home, Roscoe Jenkins",Synergistic incremental info-mediaries,
481,true,718,10,23 Paces to Baker Street,Universal 6th generation concept,
482,true,809,10,Taxidermia,Cloned full-range productivity,
483,true,40,38,West Point,Proactive national neural-net,
484,true,750,15,Dark Journey,Seamless reciprocal installation,
485,true,893,17,Girl Walks Into a Bar,Down-sized non-volatile utilisation,
486,true,593,28,"Man and a Woman, A (Un homme et une femme)",Compatible fresh-thinking neural-net,
487,true,119,39,My Flesh My Blood (Moja krew),Right-sized tangible parallelism,
488,true,207,11,Hanky Panky,Quality-focused solution-oriented workforce,
489,true,18,46,"Pope of Greenwich Village, The",Fully-configurable foreground customer loyalty,
490,true,485,29,"Cost of Oil: Voices from the Arctic, The",Enterprise-wide modular analyzer,
491,true,574,105,Care Bears Movie II: A New Generation,Switchable discrete instruction set,
492,true,510,32,Beach Red,Multi-channelled client-driven infrastructure,
493,true,577,46,Bad Guy (Nabbeun namja),Streamlined demand-driven secured line,
494,true,665,43,24 City (Er shi si cheng ji),Organized executive project,
495,true,323,26,Blood on the Sun,Team-oriented bottom-line knowledge base,
496,true,840,37,There\'s a Girl in My Soup,Object-based optimizing hierarchy,
497,true,601,36,Wishmaster 2: Evil Never Dies,Customizable holistic artificial intelligence,
498,true,838,39,Out for a Kill,Down-sized context-sensitive forecast,
499,true,145,15,Brooklyn Bridge,Multi-lateral optimal moratorium,
500,true,441,105,"Lady of Chance, A",Assimilated well-modulated matrices,
501,true,284,11,"End of the Affair, The",Streamlined regional flexibility,
502,true,458,44,Desperate Hours,Phased encompassing knowledge base,
503,true,478,49,Monsieur Lazhar,Vision-oriented responsive hardware,
504,true,360,28,Invitation to a Gunfighter,Balanced fresh-thinking secured line,
505,true,27,33,Beautiful Creatures,Assimilated scalable throughput,
506,true,536,43,Ossessione,Team-oriented fault-tolerant hardware,
507,true,56,11,August,De-engineered optimizing standardization,
508,true,823,43,Blackfish,Reactive object-oriented standardization,
509,true,293,15,Force 10 from Navarone,Configurable dynamic budgetary management,
510,true,71,15,"Nazis: A Warning from History, The",Inverse methodical concept,
511,true,18,27,North Beach,Ameliorated didactic firmware,
512,true,463,12,Supernova,Intuitive multi-state website,
513,true,457,32,Larry the Cable Guy: Health Inspector,Reduced tangible data-warehouse,
514,true,767,26,"Guide, The (O Xenagos)",Automated reciprocal benchmark,
515,true,474,38,Das Leben ist nichts für Feiglinge,Programmable demand-driven software,
516,true,399,15,"Core, The",Customer-focused grid-enabled matrices,
517,true,881,39,Behind Enemy Lines,Assimilated foreground encoding,
518,true,216,11,"Creature from the Black Lagoon, The",Optimized dynamic challenge,
519,true,90,36,Cheaper by the Dozen,Ameliorated holistic Graphical User Interface,
520,true,848,39,Don\'t Tell Mom the Babysitter\'s Dead,De-engineered executive moratorium,
521,true,287,31,Virgin Stripped Bare by Her Bachelors (Oh! Soo-jung),Diverse impactful functionalities,
522,true,741,105,"Decoy Bride, The",Up-sized tangible complexity,
523,true,752,18,Casual Sex?,Expanded maximized workforce,
524,true,194,105,Four Adventures of Reinette and Mirabelle (4 aventures de Reinette et Mirabelle),Centralized directional data-warehouse,
525,true,423,32,To Each His Own Cinema (Chacun son cinéma ou Ce petit coup au coeur quand la lumière s\'éteint et que le film commence),Face to face static framework,
526,true,619,109,"Monkey\'s Teeth (Dents du singe, Les)",Secured optimizing installation,
527,true,19,38,Tali-Ihantala 1944,Proactive discrete access,
528,true,717,15,"Little Prince, The",Diverse responsive flexibility,
529,true,355,12,Stakeout,Devolved value-added adapter,
530,true,304,48,"Message from Akira Kurosawa: For Beautiful Movies, A (Kurosawa Akira kara no messêji: Utsukushii eiga o)",Extended client-server functionalities,
531,true,366,107,"Rink, The",Ergonomic stable service-desk,
532,true,207,13,"Undefeated, The",Diverse upward-trending Graphic Interface,
533,true,789,15,Nick the Sting,Ameliorated 3rd generation challenge,
534,true,59,33,"Lost, Lost, Lost ",Cloned encompassing emulation,
535,true,574,31,Wonderful Days (a.k.a. Sky Blue),Advanced 5th generation portal,
536,true,226,31,The Lone Ranger,Innovative client-server artificial intelligence,
537,true,311,105,Ploy,Mandatory impactful knowledge user,
538,true,564,38,Risky Business,Robust disintermediate workforce,
539,true,278,13,Labyrinth,Public-key multi-tasking database,
540,true,815,32,Where the Boys Are,Function-based multi-state open architecture,
541,true,644,10,"Landlord, The",Multi-layered maximized function,
542,true,792,15,"Wednesday!, A",Virtual directional application,
543,true,60,109,How to Stop Being a Loser,Re-engineered transitional installation,
544,true,827,12,Fly Me to the Moon,Implemented clear-thinking success,
545,true,606,32,Brother (Brat),Seamless system-worthy definition,
546,true,126,109,Conquest,Upgradable human-resource hierarchy,
547,true,375,15,"Métamorphose des cloportes, La",Customizable zero tolerance focus group,
548,true,583,35,Silvestre,Re-contextualized asymmetric process improvement,
549,true,302,43,War and Peace (Voyna i mir),Multi-layered needs-based local area network,
550,true,655,26,Before I Disappear,Upgradable next generation website,
551,true,362,27,"Liquidator, The",Pre-emptive upward-trending strategy,
552,true,659,106,"Monkey\'s Paw, The",Advanced non-volatile budgetary management,
553,true,850,39,Austin High,Sharable even-keeled analyzer,
554,true,576,31,Twice Upon a Time,Organized systematic adapter,
555,true,800,48,MacGyver: Trail to Doomsday,Expanded content-based help-desk,
556,true,642,28,"Big Clock, The",Multi-tiered grid-enabled info-mediaries,
557,true,514,49,An Apology to Elephants,Streamlined 4th generation utilisation,
558,true,870,11,Rodan (Sora no daikaijû Radon),Switchable multi-state website,
559,true,589,46,Straight Time,Inverse 5th generation parallelism,
560,true,616,26,SherryBaby,Down-sized needs-based secured line,
561,true,236,32,"Bad Seed, The",De-engineered full-range challenge,
562,true,132,10,Meat the Truth,Focused cohesive Graphical User Interface,
563,true,199,18,Life of Pi,Vision-oriented homogeneous definition,
564,true,841,29,"Decline of Western Civilization, The",Organized object-oriented productivity,
565,true,221,32,Kounterfeit,User-friendly stable core,
566,true,507,26,Rushmore,Public-key static toolset,
567,true,728,106,Voices of Iraq,Business-focused demand-driven extranet,
568,true,779,36,Raanjhanaa,Future-proofed tangible access,
569,true,616,15,Breaker Morant,Horizontal motivating extranet,
570,true,128,10,Toy Story of Terror,Compatible radical local area network,
571,true,116,39,"Report, The (Gozaresh)",Adaptive 4th generation emulation,
572,true,169,32,West Side Story,Compatible solution-oriented local area network,
573,true,762,9,Real Fiction (Shilje sanghwang),Cross-group next generation monitoring,
574,true,458,10,My Brilliant Career,Up-sized system-worthy throughput,
575,true,156,15,Cold Fish (Tsumetai nettaigyo),User-friendly zero defect array,
576,true,354,38,Inside Deep Throat,Triple-buffered intermediate infrastructure,
577,true,116,49,Omega Doom,Organized client-server functionalities,
578,true,179,105,Belle of the Nineties,Cross-platform empowering model,
579,true,196,18,Déjà Vu,Robust homogeneous attitude,
580,true,533,43,Pieta,Fundamental 3rd generation internet solution,
581,true,150,36,Meek\'s Cutoff,Reverse-engineered attitude-oriented project,
582,true,662,107,Kurt & Courtney,Programmable global hardware,
583,true,765,33,"Agony and the Ecstasy, The",Devolved intangible encryption,
584,true,304,28,Attack of the 50 Ft. Woman,Digitized asymmetric collaboration,
585,true,609,38,"Next Man, The",User-friendly holistic benchmark,
586,true,496,106,"Saga of Gosta Berling, The (Gösta Berlings saga)",Multi-lateral transitional projection,
587,true,161,31,Bubble Boy,Re-engineered transitional protocol,
588,true,851,9,"Bridges at Toko-Ri, The",Cross-platform composite strategy,
589,true,865,15,Petits Freres (Petits Frères),Centralized national interface,
590,true,428,44,Malcolm X,User-centric solution-oriented orchestration,
591,true,761,106,Such a Long Journey,Extended 5th generation customer loyalty,
592,true,664,17,Série noire,Profit-focused next generation knowledge user,
593,true,107,17,Don Juan,Future-proofed analyzing extranet,
594,true,502,27,Gilles\' Wife (La femme de Gilles),Organized optimizing structure,
595,true,244,9,"Autobiography of Miss Jane Pittman, The",Vision-oriented tertiary infrastructure,
596,true,759,44,Domestic Disturbance,Upgradable coherent firmware,
597,true,58,37,Pi,Integrated neutral groupware,
598,true,491,13,Krakatoa: The Last Days,Proactive responsive matrix,
599,true,419,43,Red Corner,Monitored transitional solution,
600,true,447,32,Shoeshine (Sciuscià),Pre-emptive tangible projection,
601,true,48,10,I Shot Andy Warhol,Phased global service-desk,
602,true,539,32,Prime Suspect,User-centric 6th generation open architecture,
603,true,558,48,Courage Under Fire,Innovative optimizing open system,
604,true,718,39,"Other Side of Heaven, The",Secured hybrid projection,
605,true,727,12,"Robe, The",Versatile leading edge concept,
606,true,56,13,"Bohemian Life, The (La vie de bohème)",Reverse-engineered responsive data-warehouse,
607,true,276,37,Power,Phased zero defect implementation,
608,true,751,33,And God Created Woman (Et Dieu... créa la femme),Profound secondary concept,
609,true,831,109,Girl Walks Into a Bar,Devolved cohesive synergy,
610,true,168,49,Elena Undone,Reverse-engineered hybrid local area network,
611,true,749,48,Stay Tuned,Inverse asynchronous matrix,
612,true,63,29,"Last Days of Disco, The",Polarised upward-trending monitoring,
613,true,389,109,"Law of Desire (Ley del deseo, La)",De-engineered zero defect standardization,
614,true,577,27,Quarantine,Synergized full-range budgetary management,
615,true,709,28,Angels Sing,Pre-emptive next generation open architecture,
616,true,227,18,"Band Wagon, The",Virtual 24 hour methodology,
617,true,375,9,Madame Butterfly,Fundamental fresh-thinking toolset,
618,true,624,109,Golem,Virtual leading edge success,
619,true,653,33,"All the Way Boys (Più forte, ragazzi!)",Cloned multimedia knowledge base,
620,true,239,106,Beetlejuice,Exclusive homogeneous interface,
621,true,271,13,StreetDance 3D,Upgradable zero defect function,
622,true,554,36,Eccentricities of a Blonde-haired Girl (Singularidades de uma Rapariga Loura),Balanced tangible knowledge base,
623,true,227,107,Greetings,Team-oriented empowering core,
624,true,367,31,Film About a Woman Who...,Vision-oriented object-oriented intranet,
625,true,656,109,Darling Lili,Versatile logistical alliance,
626,true,421,11,"Castle of the Living Dead (Castello Dei Morti Vivi, Il)",Open-architected multi-tasking service-desk,
627,true,242,43,Guendalina,Implemented mobile implementation,
628,true,851,35,A Second Chance,Open-source intangible strategy,
629,true,288,12,Outrageous Class (Hababam sinifi),Versatile 24 hour conglomeration,
630,true,874,10,Frostbitten (Frostbiten),Customizable executive service-desk,
631,true,773,40,Predator 2,Configurable disintermediate throughput,
632,true,123,32,"Princess and the Warrior, The (Krieger und die Kaiserin, Der)",Right-sized holistic workforce,
633,true,683,32,The Scapegoat,Inverse hybrid analyzer,
634,true,455,109,Johnny Skidmarks,Team-oriented reciprocal success,
635,true,214,40,Get Shorty,Automated upward-trending interface,
636,true,851,107,Sut (Milk),Cross-platform tangible definition,
637,true,343,36,Age of Heroes,Face to face context-sensitive system engine,
638,true,883,10,Bill Maher... But I\'m Not Wrong,Inverse secondary process improvement,
639,true,835,18,Bingo,Adaptive solution-oriented service-desk,
640,true,795,33,Nazarin (Nazarín),Profound homogeneous leverage,
641,true,198,40,King & Country,Optimized composite methodology,
642,true,175,106,Fever,Stand-alone optimizing internet solution,
643,true,539,17,Texas Chainsaw 3D,User-centric leading edge toolset,
644,true,576,13,Joy Division,Face to face 24/7 parallelism,
645,true,429,49,Tango & Cash,Operative 5th generation framework,
646,true,152,44,The Dot and the Line : A Romance in Lower Mathematics,Secured explicit application,
647,true,864,35,"Bonheur, Le",Persevering high-level project,
648,true,124,18,"Gunfighter, The",Phased web-enabled encoding,
649,true,340,35,Street Fighter: Assassin\'s Fist,Multi-channelled disintermediate synergy,
650,true,868,11,"Baytown Outlaws, The",Monitored web-enabled throughput,
651,true,371,107,Jefferson in Paris,Programmable motivating archive,
652,true,775,9,Four Bags Full,Pre-emptive mission-critical approach,
653,true,764,32,"Pyromaniac\'s Love Story, A",Universal object-oriented protocol,
654,true,515,15,Kinyarwanda,Function-based multimedia matrix,
655,true,624,17,It Happened at the World\'s Fair,Fully-configurable fault-tolerant orchestration,
656,true,131,9,Pixote,Implemented client-driven monitoring,
657,true,536,36,Songcatcher,Re-contextualized systematic software,
658,true,691,37,We Own the Night,Seamless multi-state workforce,
659,true,840,44,Jupiter\'s Darling,Multi-lateral mobile pricing structure,
660,true,98,33,"Cross: The Arthur Blessitt Story, The",Progressive leading edge moratorium,
661,true,720,27,Charlotte\'s Web,Decentralized intermediate middleware,
662,true,642,36,Mega Shark vs. Giant Octopus,Implemented user-facing success,
663,true,487,44,Raid on Rommel,Automated user-facing instruction set,
664,true,607,12,Prefontaine,Progressive mission-critical local area network,
665,true,203,105,"Human Comedy, The",Enhanced well-modulated concept,
666,true,482,26,"Day They Robbed the Bank of England, The",Enterprise-wide 24 hour paradigm,
667,true,568,11,Dollman vs. Demonic Toys,Optimized leading edge complexity,
668,true,505,11,"Dukes of Hazzard, The",Re-contextualized zero defect toolset,
669,true,15,18,Stakeout on Dope Street,Devolved asymmetric strategy,
670,true,212,109,Lone Star,Diverse secondary array,
671,true,188,38,Fire Down Below,Compatible coherent hub,
672,true,288,10,One True Thing,Enhanced even-keeled solution,
673,true,358,44,Excuse Me for Living,Operative intangible process improvement,
674,true,79,38,Cowboy Bebop,Innovative national migration,
675,true,21,107,"Farewell, My Lovely",Diverse bottom-line standardization,
676,true,370,33,"Kentuckian, The",Phased contextually-based intranet,
677,true,843,31,Mrs. Dalloway,Team-oriented tangible interface,
678,true,43,43,"Wind, The",Open-architected multimedia Graphical User Interface,
679,true,13,33,"Bad News Bears, The",Customer-focused real-time access,
680,true,848,38,"Soldier\'s Daughter Never Cries, A",Centralized scalable approach,
681,true,52,15,Nowhere Boy,Triple-buffered dynamic solution,
682,true,182,32,Extreme Measures,Inverse next generation core,
683,true,55,33,Things We Do For Love (Kaikella rakkaudella),Secured contextually-based utilisation,
684,true,495,11,"Ronde, La",Reduced reciprocal framework,
685,true,55,10,"Bells, The",Future-proofed content-based definition,
686,true,37,10,5 Against the House,Horizontal zero defect capability,
687,true,899,15,"Trip, The",Open-architected methodical access,
688,true,686,28,Inside Moves,Multi-channelled maximized archive,
689,true,434,106,Troma\'s War ,Face to face bi-directional throughput,
690,true,760,105,Three Crowns of the Sailor (Les trois couronnes du matelot),Upgradable next generation service-desk,
691,true,733,39,Hated,Reverse-engineered national functionalities,
692,true,582,106,Weight of the Nation,Reverse-engineered hybrid utilisation,
693,true,221,12,New Year\'s Eve,Right-sized eco-centric encoding,
694,true,82,107,"Party, The (Boum, La)",Operative impactful project,
695,true,215,12,Embodiment of Evil (Encarnação do Demônio),Integrated uniform knowledge base,
696,true,844,29,Tungsten,Configurable web-enabled capacity,
697,true,22,18,We Don\'t Live Here Anymore,Vision-oriented regional matrix,
698,true,707,44,Bluebeard (Barbe-Bleue),Open-source global infrastructure,
699,true,614,49,Revenge of the Zombies,Ergonomic empowering workforce,
700,true,820,39,Clockstoppers,Reduced fresh-thinking budgetary management,
701,true,274,11,Saving Silverman (Evil Woman),Function-based zero tolerance software,
702,true,691,46,Rurouni Kenshin (Rurôni Kenshin: Meiji kenkaku roman tan),Enhanced incremental flexibility,
703,true,526,105,"Dreamlife of Angels, The (Vie rêvée des anges, La)",Stand-alone bottom-line monitoring,
704,true,783,13,"Thirteenth Floor, The",Realigned scalable extranet,
705,true,265,28,"Man with the Movie Camera, The (Chelovek s kino-apparatom)",Upgradable leading edge installation,
706,true,511,48,"Glass Web, The",Multi-lateral logistical portal,
707,true,397,36,"Truth or Consequences, N.M.",Secured value-added success,
708,true,753,105,Little Hamlet,Extended systematic structure,
709,true,874,29,Alpha and Omega 2: A Howl-iday Adventure (Alpha & Omega 2),Future-proofed object-oriented project,
710,true,312,28,Firstborn,Right-sized tangible policy,
711,true,758,109,"Polar Bear King, The (Kvitebjørn Kong Valemon)",Team-oriented composite capacity,
712,true,776,49,"Return of Dracula, The",Compatible 4th generation conglomeration,
713,true,126,109,"This World, Then the Fireworks",Synergistic hybrid hardware,
714,true,886,32,Tom Segura: Completely Normal,Automated 24 hour model,
715,true,258,27,Orlando,Synergized non-volatile hardware,
716,true,330,40,TV Junkie,Face to face explicit local area network,
717,true,50,107,Simon,Adaptive bifurcated moratorium,
718,true,657,105,The Land Before Time XIII: The Wisdom of Friends,Monitored full-range complexity,
719,true,817,37,Whitecoats,Reactive reciprocal system engine,
720,true,830,18,"Bribe, The",Re-contextualized multimedia protocol,
721,true,631,28,Humpday,Seamless contextually-based standardization,
722,true,171,109,Turks & Caicos,Right-sized real-time monitoring,
723,true,848,15,"Thrill of It All, The",Enhanced fault-tolerant policy,
724,true,609,28,Women in Trouble,Cross-group disintermediate concept,
725,true,413,28,Fat People (Gordos),Distributed full-range circuit,
726,true,512,26,The Rabbi\'s Cat (Le chat du rabbin),Ergonomic well-modulated software,
727,true,739,40,Madame Rosa (La vie devant soi),Compatible analyzing parallelism,
728,true,247,37,"Little Stiff, A",Reverse-engineered explicit capability,
729,true,241,18,"Beguiled, The",Switchable global pricing structure,
730,true,230,28,Men with Guns,Expanded mission-critical benchmark,
731,true,16,31,Zero Charisma,Reduced object-oriented methodology,
732,true,687,44,"Psychomania (Death Wheelers, The)",Object-based fault-tolerant function,
733,true,388,18,National Lampoon\'s Senior Trip,Universal object-oriented frame,
734,true,698,18,"Life Is Rosy (a.k.a. Life Is Beautiful) (Vie est belle, La)",Organic 24/7 productivity,
735,true,842,35,Hustle,Decentralized logistical conglomeration,
736,true,448,31,Paradise,Innovative background capability,
737,true,701,10,Tarzan Finds a Son!,Cross-platform asymmetric internet solution,
738,true,463,37,"Edward, My Son",Fundamental encompassing challenge,
739,true,530,11,"Red Badge of Courage, The",Cloned non-volatile frame,
740,true,39,46,Chances Are,Customer-focused 24/7 hierarchy,
741,true,829,39,"Odd Couple, The",User-centric value-added challenge,
742,true,521,12,Here and Elsewhere,Profit-focused systemic function,
743,true,349,35,Home,Organic needs-based moratorium,
744,true,770,105,Michael,Switchable eco-centric support,
745,true,270,32,Sleeping Beauty,Implemented optimizing artificial intelligence,
746,true,302,38,Peacock,Cloned maximized architecture,
747,true,825,15,Three Wise Fools,Virtual intangible portal,
748,true,421,44,Children of the Decree (Das Experiment 770 - Gebären auf Befehl),Organized regional conglomeration,
749,true,434,31,"Adventure in Space and Time, An",Customizable optimal collaboration,
750,true,350,35,"Black Dahlia, The",Multi-layered discrete projection,
751,true,304,107,Kiki\'s Delivery Service (Majo no takkyûbin),Adaptive fresh-thinking projection,
752,true,274,17,Diamond Dogs,Fully-configurable 5th generation artificial intelligence,
753,true,267,13,Eye See You (D-Tox),Open-source clear-thinking extranet,
754,true,169,35,"League of Ordinary Gentlemen, A",Automated intermediate local area network,
755,true,772,27,Into the Woods,Triple-buffered non-volatile definition,
756,true,387,107,Made for Each Other,Re-contextualized dynamic knowledge base,
757,true,412,38,"Snow Walker, The",Polarised clear-thinking capacity,
758,true,409,106,"Tingler, The",Cross-group global access,
759,true,551,17,Moonraker,Cloned optimizing process improvement,
760,true,114,11,"Chosen One, The",Decentralized neutral architecture,
761,true,58,40,"American Tail, An",Exclusive transitional customer loyalty,
762,true,491,39,Lentsu,Ameliorated secondary solution,
763,true,62,27,Do Fish Do It? (Fickende Fische),Focused upward-trending core,
764,true,172,10,Saving Face,Cross-group asynchronous complexity,
765,true,442,27,Madonna\'s Pig,Customer-focused foreground help-desk,
766,true,574,46,Knuckle ,Fundamental explicit open system,
767,true,61,109,"Reuben, Reuben",Multi-tiered regional emulation,
768,true,181,33,"Prince & Me, The",Inverse discrete implementation,
769,true,735,48,Black Angel,Diverse actuating process improvement,
770,true,450,109,Keep the River on Your Right: A Modern Cannibal Tale,Synergized 24/7 middleware,
771,true,332,43,Novocaine,Upgradable clear-thinking workforce,
772,true,356,11,Blue Skies,Public-key human-resource architecture,
773,true,342,109,Man Hunt,Front-line disintermediate portal,
774,true,294,18,Shutter,Configurable human-resource application,
775,true,821,43,"Killing of Sister George, The",Fully-configurable maximized knowledge user,
776,true,382,17,Free Willy 2: The Adventure Home,Distributed leading edge hub,
777,true,413,49,Aglaya,Enterprise-wide 4th generation toolset,
778,true,196,36,"Howards of Virginia, The",Persevering tertiary emulation,
779,true,647,12,Phaedra,Reactive 3rd generation productivity,
780,true,148,36,An American Tail: The Mystery of the Night Monster,Triple-buffered fault-tolerant algorithm,
781,true,660,10,Pickup on South Street,Balanced even-keeled data-warehouse,
782,true,375,38,"Bang, Bang, You\'re Dead",Optimized value-added middleware,
783,true,685,33,Nueba Yol,Enhanced contextually-based synergy,
784,true,841,44,"Tsatsiki, Morsan och Polisen",Quality-focused responsive ability,
785,true,629,12,"Emperor Waltz, The",Face to face responsive benchmark,
786,true,500,9,Love Meetings (Comizi d\'amore),Organized bottom-line paradigm,
787,true,461,9,Venus,Exclusive needs-based interface,
788,true,759,12,Stille nacht,Multi-lateral responsive hierarchy,
789,true,676,49,Taking Sides,Multi-channelled modular ability,
790,true,840,12,"Asphyx, The",Compatible grid-enabled adapter,
791,true,632,46,Deadline at Dawn,Stand-alone context-sensitive service-desk,
792,true,323,40,"Glass Menagerie, The",User-centric motivating flexibility,
793,true,354,36,Impulse,Advanced maximized architecture,
794,true,256,39,Big Fella,Down-sized tertiary approach,
795,true,712,32,Skylark,Business-focused empowering info-mediaries,
796,true,490,48,"Taxing Woman, A (Marusa no onna)",Reactive national protocol,
797,true,568,31,The Perfect World of Kai,Streamlined dynamic circuit,
798,true,807,9,Floating Weeds (Ukigusa),Compatible well-modulated forecast,
799,true,504,28,Scoop,User-centric systemic algorithm,
800,true,132,46,Wind Chill,Implemented analyzing circuit,
801,true,248,10,Radiohead: Meeting People Is Easy,Stand-alone asynchronous ability,
802,true,470,17,"Marksman, The",Organized stable time-frame,
803,true,675,33,Che: Part Two,Mandatory zero administration initiative,
804,true,38,13,Gory Gory Hallelujah,Public-key discrete process improvement,
805,true,692,33,Home Before Dark,Open-source regional access,
806,true,498,106,Operation \'Y\' & Other Shurik\'s Adventures,Down-sized tertiary frame,
807,true,246,26,Broken Wings (Knafayim Shvurot),User-friendly 24/7 local area network,
808,true,83,28,Home,Reactive impactful access,
809,true,759,38,Monkeybone,Re-engineered tangible project,
810,true,47,46,"Bat, The",Adaptive asynchronous projection,
811,true,82,18,Jeopardy (a.k.a. A Woman in Jeopardy),Progressive multi-state hierarchy,
812,true,608,37,Machine Gun Kelly,Multi-layered clear-thinking functionalities,
813,true,98,13,Held Up,Optimized mission-critical secured line,
814,true,77,105,"Handful of Dust, A",Synergistic mission-critical extranet,
815,true,106,40,"Pearls of the Crown, The (Les perles de la couronne)",Fundamental global installation,
816,true,883,105,Night Will Fall,Configurable intangible structure,
817,true,366,12,Skin Game,Ameliorated multimedia moderator,
818,true,164,43,Snake and Mongoose,Triple-buffered zero tolerance hub,
819,true,391,13,Mike Bassett: England Manager,Cross-platform needs-based knowledge user,
820,true,747,49,"Hasty Heart, The",Virtual real-time collaboration,
821,true,371,15,"Set-Up, The",Networked 4th generation utilisation,
822,true,645,18,Sons of the Desert,Visionary uniform help-desk,
823,true,282,107,Running Free,Multi-lateral foreground task-force,
824,true,240,107,Bomber,Balanced fault-tolerant toolset,
825,true,672,44,I Like Killing Flies,Pre-emptive directional implementation,
826,true,731,44,Diary of a Cannibal,Down-sized intermediate firmware,
827,true,449,39,"Spitfire Grill, The",Phased full-range Graphical User Interface,
828,true,503,27,"Dead Next Door, The",Face to face secondary alliance,
829,true,194,44,Extract,Public-key national throughput,
830,true,522,9,Eraserhead,Virtual zero defect hub,
831,true,118,106,Ravenous,Open-source bandwidth-monitored capacity,
832,true,326,27,"Dirty Shame, A",Multi-layered optimizing installation,
833,true,694,49,Hunter Prey,Organic background neural-net,
834,true,428,109,Human Desire,Robust secondary function,
835,true,144,39,"Remains of the Day, The",Monitored content-based hierarchy,
836,true,178,43,The Magic Crystal,Phased didactic complexity,
837,true,59,36,Beware of a Holy Whore (Warnung vor einer heiligen Nutte),Down-sized maximized hierarchy,
838,true,202,46,"Class Trip, The (La classe de neige)",Synergistic tertiary capability,
839,true,716,107,Zatoichi Meets Yojimbo (Zatôichi to Yôjinbô) (Zatôichi 20),Focused optimal portal,
840,true,275,35,Saving Private Ryan,Customer-focused systemic middleware,
841,true,92,13,Marvin Gaye: What\'s Going On,Automated 4th generation neural-net,
842,true,217,10,Louis C.K.: Live at The Comedy Store,Open-source executive intranet,
843,true,95,17,Into the Deep,Front-line directional data-warehouse,
844,true,314,105,The Sea Chase,Centralized multimedia model,
845,true,610,38,All Things Fair (Lust och fägring stor),Proactive bi-directional circuit,
846,true,150,109,"Misérables, Les",Extended intangible time-frame,
847,true,486,26,"Four Days of Naples, The (Le quattro giornate di Napoli)",Fundamental regional approach,
848,true,444,31,Chocolat,Public-key tangible forecast,
849,true,173,31,"Wedding Photographer, The (Bröllopsfotografen)",Future-proofed bandwidth-monitored matrices,
850,true,569,27,Toy Story 3,Grass-roots 4th generation time-frame,
851,true,653,109,Document of the Dead,Decentralized explicit hub,
852,true,367,33,La Planque,Team-oriented 6th generation superstructure,
853,true,119,49,With Love... from the Age of Reason,Diverse uniform toolset,
854,true,172,13,Pursued,Compatible contextually-based functionalities,
855,true,754,10,Rock \'n\' Roll Nightmare,Fully-configurable background attitude,
856,true,834,39,"Ambulance, The",Fully-configurable dedicated knowledge user,
857,true,715,10,Batman & Robin,Versatile mission-critical monitoring,
858,true,35,106,Super Bitch,Open-source non-volatile infrastructure,
859,true,875,32,"Grudge 2, The",Exclusive well-modulated standardization,
860,true,779,33,"When Time Ran Out... (Day the World Ended, The)",Inverse full-range neural-net,
861,true,508,49,Thirst (a.k.a. Three Strange Loves) (Törst),Right-sized bi-directional core,
862,true,660,11,"Passion of Darkly Noon, The",Versatile multi-tasking array,
863,true,686,15,Ice Castles,Phased exuding throughput,
864,true,471,106,It Happened Tomorrow,De-engineered bandwidth-monitored frame,
865,true,651,109,Capital (Le capital),Persevering 24 hour open architecture,
866,true,136,29,Kingdom Come,Exclusive dynamic extranet,
867,true,536,29,Wild Things,Adaptive fault-tolerant monitoring,
868,true,771,48,Dead Tired (Grosse Fatigue),Switchable uniform access,
869,true,197,11,Roadkill (a.k.a. Roadkill: Move or Die),Multi-lateral solution-oriented emulation,
870,true,663,11,Pippi on the Run (På rymmen med Pippi Långstrump),Future-proofed asymmetric forecast,
871,true,387,49,"Clean, Shaven",Reverse-engineered bandwidth-monitored migration,
872,true,256,49,Bedlam,Optional hybrid interface,
873,true,615,26,"Banger Sisters, The",Front-line asynchronous info-mediaries,
874,true,520,17,Craig Ferguson: A Wee Bit o\' Revolution,Ameliorated real-time customer loyalty,
875,true,873,36,Chocolat,Synergized 4th generation emulation,
876,true,562,43,Without Pity,User-centric human-resource architecture,
877,true,394,32,Georgy Girl,Decentralized 6th generation service-desk,
878,true,373,107,"All Together, The",Compatible responsive project,
879,true,109,27,Life Back Then (Antoki no inochi),Operative hybrid intranet,
880,true,26,13,Arthur Newman,Assimilated even-keeled capability,
881,true,133,46,Affluenza,Multi-lateral object-oriented focus group,
882,true,852,15,Space Odyssey: Voyage to the Planets,Switchable executive neural-net,
883,true,138,109,Bill Hicks: Revelations,Robust intermediate conglomeration,
884,true,629,43,"Unspeakable Act, The",Exclusive 24 hour infrastructure,
885,true,732,15,Bosko\'s Parlor Pranks,Advanced optimal software,
886,true,309,46,Crazy Mama,Versatile leading edge circuit,
887,true,543,49,"Summit, The",Balanced didactic policy,
888,true,877,13,City of Hope,Phased bifurcated alliance,
889,true,605,46,"War, Inc.",Integrated homogeneous paradigm,
890,true,101,46,Yossi & Jagger,Cross-group well-modulated knowledge user,
891,true,407,49,Blast from the Past,Automated systematic access,
892,true,532,38,Sorority Row,Triple-buffered bifurcated software,
893,true,367,49,Batch \'81,Enterprise-wide non-volatile functionalities,
894,true,362,46,"Toxic Avenger Part III: The Last Temptation of Toxie, The",Digitized mobile function,
895,true,452,17,Trainspotting,Pre-emptive systematic contingency,
896,true,579,37,Gideon\'s Army,Programmable 4th generation success,
897,true,765,105,"Longshots, The",Phased scalable project,
898,true,394,26,Premiers désirs,Ergonomic 4th generation ability,
899,true,122,38,Kill for Me,Secured reciprocal projection,
900,true,738,27,Trishna,Open-source regional archive,
901,true,797,37,Süperseks,Persevering local application,
902,true,401,10,Animal Crackers,Organic full-range matrices,
903,true,499,26,The Third Half,Fundamental cohesive projection,
904,true,451,40,Kal Ho Naa Ho,Advanced full-range service-desk,
905,true,796,43,"Over-Eater, The (L\'outremangeur)",Streamlined mobile analyzer,
906,true,290,48,"Guard Post, The (G.P. 506)",Proactive demand-driven pricing structure,
907,true,321,17,Enduring Love,Grass-roots content-based benchmark,
908,true,223,106,"13th Warrior, The",Inverse modular success,
909,true,499,13,Jack the Bear,Horizontal empowering internet solution,
910,true,587,105,Kung Fu Panda: Secrets of the Furious Five,Advanced disintermediate algorithm,
911,true,192,109,"End of the Line, The",Centralized directional benchmark,
912,true,83,106,Welcome to Sarajevo,Up-sized intermediate product,
913,true,39,33,William S. Burroughs: A Man Within,Cross-platform even-keeled intranet,
914,true,608,26,Sweet November,Cross-group discrete toolset,
915,true,522,105,Annie Get Your Gun,User-centric upward-trending budgetary management,
916,true,102,9,"Magic Christmas Tree, The",Implemented object-oriented local area network,
917,true,417,17,Tobruk,Phased next generation artificial intelligence,
918,true,105,28,The Diary of Anne Frank,Sharable 24/7 productivity,
919,true,884,37,Ironclad 2: Battle for Blood,Pre-emptive transitional structure,
920,true,378,27,Escape Me Never,Digitized 3rd generation function,
921,true,814,43,Saturday Night,Customizable 4th generation firmware,
922,true,388,105,"It\'s Me, It\'s Me (Ore Ore)",Reduced radical utilisation,
923,true,522,37,Josie and the Pussycats,Extended uniform intranet,
924,true,62,17,"Phantom, The",Monitored logistical knowledge base,
925,true,698,28,Leprechaun: Origins,Phased incremental hierarchy,
926,true,826,106,Gate of Flesh (Nikutai no mon),Upgradable analyzing capacity,
927,true,745,107,"Hunger, The",Persevering fault-tolerant database,
928,true,309,9,Bird,Secured secondary function,
929,true,894,27,Männerherzen... und die ganz ganz große Liebe,Horizontal scalable groupware,
930,true,888,46,Crime Busters,Profound motivating extranet,
931,true,306,107,Charly,Balanced zero administration frame,
932,true,572,48,Hidden Agenda,Reduced tertiary workforce,
933,true,102,105,Square Dance,Monitored client-server toolset,
934,true,759,17,"Baytown Outlaws, The",Multi-lateral value-added budgetary management,
935,true,508,35,Novocaine,Adaptive multimedia application,
936,true,414,10,White Night (Hvid nat),Expanded full-range initiative,
937,true,480,49,Twogether,Programmable discrete hierarchy,
938,true,799,109,Love with the Proper Stranger,Progressive solution-oriented website,
939,true,857,13,Werner - Beinhart!,Enterprise-wide tertiary circuit,
940,true,788,10,"Wedding Gift, The",Networked disintermediate framework,
941,true,422,13,Dodge City,Balanced directional website,
942,true,838,105,Regeneration,Sharable full-range portal,
943,true,31,31,Vengeance (Fuk sau),Compatible even-keeled utilisation,
944,true,302,48,"I Love You, I Love You (Je t\'aime je t\'aime)",Universal neutral extranet,
945,true,539,26,Pat and Mike,Phased content-based alliance,
946,true,485,48,Stephen Fry In America - New World,Streamlined interactive artificial intelligence,
947,true,566,105,"River Runs Through It, A",Exclusive human-resource alliance,
948,true,635,26,Bottle Rocket,Reduced uniform product,
949,true,172,13,Rated X: A Journey Through Porn,Focused attitude-oriented installation,
950,true,874,32,"Desert Rats, The",Open-architected discrete toolset,
951,true,150,10,Ordinary Decent Criminal,Distributed real-time core,
952,true,55,18,Armless,Universal needs-based matrices,
953,true,731,37,Inferno,Enhanced optimal workforce,
954,true,53,17,Flow: For Love of Water,Quality-focused maximized intranet,
955,true,896,106,Venus,Profit-focused intangible contingency,
956,true,286,40,"Ashes, The (Popioly)",Digitized didactic strategy,
957,true,400,27,Kart Racer,Virtual multi-tasking database,
958,true,330,38,TINY: A Story About Living Small,User-friendly scalable info-mediaries,
959,true,661,107,21 Up,Adaptive tangible orchestration,
960,true,58,38,Les disparus de Saint-Agil,Vision-oriented systematic artificial intelligence,
961,true,595,9,Sixty Six,Ameliorated tertiary process improvement,
962,true,792,37,Rose Red,Optional analyzing synergy,
963,true,826,38,Gory Gory Hallelujah,Reactive multi-tasking collaboration,
964,true,572,106,Crossroads,Digitized disintermediate matrix,
965,true,61,106,His Girl Friday,Versatile full-range policy,
966,true,243,109,Murder on the Orient Express,Adaptive full-range policy,
967,true,402,13,Big Miracle,Distributed actuating hierarchy,
968,true,390,28,Hoop Dreams,Implemented 24/7 encoding,
969,true,397,38,"Adventures of Tom Sawyer, The",Sharable directional internet solution,
970,true,804,18,Small Apartments,Re-engineered 6th generation solution,
971,true,599,15,"Christmas Toy, The",Advanced scalable algorithm,
972,true,436,48,We the Party,Expanded secondary core,
973,true,224,29,Welcome to Dongmakgol,Organic asymmetric toolset,
974,true,243,17,She,Triple-buffered full-range functionalities,
975,true,170,33,"Program, The",Ameliorated reciprocal knowledge user,
976,true,117,109,"House Bunny, The",Synergistic radical strategy,
977,true,804,37,"Moment After 2, The: The Awakening",Decentralized bandwidth-monitored middleware,
978,true,325,36,Daylight Robbery,Front-line fresh-thinking monitoring,
979,true,487,31,"One Potato, Two Potato",Networked grid-enabled core,
980,true,212,13,"Animal Kingdom, The",Innovative solution-oriented firmware,
981,true,859,11,Caliber 9,Grass-roots methodical success,
982,true,829,26,The Inner Circle,Polarised attitude-oriented portal,
983,true,141,33,Our Blushing Brides,Vision-oriented object-oriented toolset,
984,true,798,12,"Puerta de Hierro, el exilio de Perón",Balanced dynamic analyzer,
985,true,47,38,Dark Water (Honogurai mizu no soko kara),Decentralized intangible support,
986,true,535,29,Imaginary Heroes,Object-based systematic info-mediaries,
987,true,89,33,Daddy Nostalgia (Daddy Nostalgie),Multi-lateral actuating groupware,
988,true,479,36,"Food of the Gods, The",Assimilated explicit firmware,
989,true,368,38,Three Brave Men,Re-engineered intangible hardware,
990,true,844,40,Wagons East,Organic intangible open system,
991,true,28,44,Mr. & Mrs. Bridge,Centralized high-level interface,
992,true,482,48,"Bullfighters, The",Synchronised neutral portal,
993,true,862,27,3:10 to Yuma,Balanced eco-centric leverage,
994,true,541,28,Gods and Monsters,Public-key attitude-oriented project,
995,true,800,32,Infamous,Realigned client-server superstructure,
996,true,141,17,Children of the Secret State,Polarised static internet solution,
997,true,333,38,Violet Tendencies,Extended optimizing intranet,
998,true,767,40,"Place of One\'s Own, A",Profound multi-tasking matrices,
999,true,467,28,200 Cigarettes,Triple-buffered dynamic intranet,
1000,true,517,49,Returner (Ritaanaa),Distributed multimedia circuit,
