id,active,parent_id,property_id,user_id,title,description,
108,true,9,14,,Painless (Insensibles) ,Reactive scalable analyzer,
55,true,9,27,,Fear and Trembling (Stupeur et tremblements),Programmable interactive throughput,
393,true,9,84,,Terri,Seamless web-enabled info-mediaries,
916,true,9,102,,"Magic Christmas Tree, The",Implemented object-oriented local area network,
656,true,9,131,,Pixote,Implemented client-driven monitoring,
595,true,9,244,,"Autobiography of Miss Jane Pittman, The",Vision-oriented tertiary infrastructure,
446,true,9,261,,Essential Killing,Realigned modular structure,
302,true,9,297,,Rehearsals for Extinct Anatomies,Versatile heuristic emulation,
389,true,9,299,,"Léon Morin, Priest (Léon Morin, prêtre)",User-centric zero tolerance artificial intelligence,
928,true,9,309,,Bird,Secured secondary function,
451,true,9,334,,Ballad of the Little Soldier (Ballade vom kleinen Soldaten),Function-based solution-oriented budgetary management,
617,true,9,375,,Madame Butterfly,Fundamental fresh-thinking toolset,
334,true,9,417,,Grave Secrets (Silent Screams),Virtual bifurcated frame,
268,true,9,458,,Protocol,Compatible mobile productivity,
787,true,9,461,,Venus,Exclusive needs-based interface,
169,true,9,474,,"Relic, The",Vision-oriented holistic moratorium,
786,true,9,500,,Love Meetings (Comizi d\'amore),Organized bottom-line paradigm,
830,true,9,522,,Eraserhead,Virtual zero defect hub,
961,true,9,595,,Sixty Six,Ameliorated tertiary process improvement,
392,true,9,672,,Golden Gate,Focused explicit Graphic Interface,
207,true,9,699,,009 Re: Cyborg,Fully-configurable well-modulated Graphic Interface,
377,true,9,727,,About a Boy,Up-sized directional archive,
573,true,9,762,,Real Fiction (Shilje sanghwang),Cross-group next generation monitoring,
652,true,9,775,,Four Bags Full,Pre-emptive mission-critical approach,
215,true,9,785,,Going Postal,Diverse executive info-mediaries,
798,true,9,807,,Floating Weeds (Ukigusa),Compatible well-modulated forecast,
588,true,9,851,,"Bridges at Toko-Ri, The",Cross-platform composite strategy,
34,true,9,860,,In God\'s Hands,Right-sized optimal open system,
480,true,9,885,,"Welcome Home, Roscoe Jenkins",Synergistic incremental info-mediaries,
281,true,9,897,,"Taste of Tea, The (Cha no aji)",Profit-focused cohesive methodology,
110,true,10,10,,Time Walker (a.k.a. Being From Another Planet),Profound scalable parallelism,
686,true,10,37,,5 Against the House,Horizontal zero defect capability,
601,true,10,48,,I Shot Andy Warhol,Phased global service-desk,
257,true,10,55,,Which Way Home,Front-line 5th generation secured line,
570,true,10,128,,Toy Story of Terror,Compatible radical local area network,
562,true,10,132,,Meat the Truth,Focused cohesive Graphical User Interface,
951,true,10,150,,Ordinary Decent Criminal,Distributed real-time core,
764,true,10,172,,Saving Face,Cross-group asynchronous complexity,
842,true,10,217,,Louis C.K.: Live at The Comedy Store,Open-source executive intranet,
801,true,10,248,,Radiohead: Meeting People Is Easy,Stand-alone asynchronous ability,
672,true,10,288,,One True Thing,Enhanced even-keeled solution,
444,true,10,380,,Joffrey: Mavericks of American Dance,Cross-platform 5th generation architecture,
902,true,10,401,,Animal Crackers,Organic full-range matrices,
936,true,10,414,,White Night (Hvid nat),Expanded full-range initiative,
407,true,10,437,,Afterschool,Ameliorated stable attitude,
574,true,10,458,,My Brilliant Career,Up-sized system-worthy throughput,
15,true,10,504,,"Frighteners, The",Centralized asymmetric algorithm,
541,true,10,644,,"Landlord, The",Multi-layered maximized function,
781,true,10,660,,Pickup on South Street,Balanced even-keeled data-warehouse,
218,true,10,691,,1991: The Year Punk Broke,Networked explicit alliance,
124,true,10,695,,What Is It?,Progressive maximized paradigm,
737,true,10,701,,Tarzan Finds a Son!,Cross-platform asymmetric internet solution,
857,true,10,715,,Batman & Robin,Versatile mission-critical monitoring,
481,true,10,718,,23 Paces to Baker Street,Universal 6th generation concept,
855,true,10,754,,Rock \'n\' Roll Nightmare,Fully-configurable background attitude,
940,true,10,788,,"Wedding Gift, The",Networked disintermediate framework,
482,true,10,809,,Taxidermia,Cloned full-range productivity,
277,true,10,858,,Volver,Open-architected optimal challenge,
630,true,10,874,,Frostbitten (Frostbiten),Customizable executive service-desk,
638,true,10,883,,Bill Maher... But I\'m Not Wrong,Inverse secondary process improvement,
351,true,11,6,,Attack of the Giant Leeches,Synchronised multimedia standardization,
507,true,11,56,,August,De-engineered optimizing standardization,
760,true,11,114,,"Chosen One, The",Decentralized neutral architecture,
309,true,11,129,,Montana,Polarised non-volatile model,
39,true,11,131,,Armour of God (Long xiong hu di),Programmable well-modulated toolset,
294,true,11,155,,Koi... Mil Gaya,Mandatory 24 hour support,
9,true,11,159,,Luke and Lucy: The Texas Rangers (Suske en Wiske: De Texas rakkers),Cross-platform solution-oriented open architecture,
869,true,11,197,,Roadkill (a.k.a. Roadkill: Move or Die),Multi-lateral solution-oriented emulation,
488,true,11,207,,Hanky Panky,Quality-focused solution-oriented workforce,
518,true,11,216,,"Creature from the Black Lagoon, The",Optimized dynamic challenge,
701,true,11,274,,Saving Silverman (Evil Woman),Function-based zero tolerance software,
501,true,11,284,,"End of the Affair, The",Streamlined regional flexibility,
63,true,11,332,,"China Syndrome, The",Re-engineered 24 hour definition,
69,true,11,344,,Transformers: Age of Extinction,Multi-layered object-oriented leverage,
772,true,11,356,,Blue Skies,Public-key human-resource architecture,
626,true,11,421,,"Castle of the Living Dead (Castello Dei Morti Vivi, Il)",Open-architected multi-tasking service-desk,
412,true,11,443,,G.O.R.A.,Ameliorated grid-enabled knowledge user,
333,true,11,487,,White Dog,Decentralized fault-tolerant system engine,
684,true,11,495,,"Ronde, La",Reduced reciprocal framework,
668,true,11,505,,"Dukes of Hazzard, The",Re-contextualized zero defect toolset,
101,true,11,507,,Children of the Decree (Das Experiment 770 - Gebären auf Befehl),Polarised bottom-line functionalities,
122,true,11,515,,Born into Brothels,Up-sized bandwidth-monitored local area network,
285,true,11,516,,Captive (Cautiva) ,Fully-configurable clear-thinking frame,
739,true,11,530,,"Red Badge of Courage, The",Cloned non-volatile frame,
667,true,11,568,,Dollman vs. Demonic Toys,Optimized leading edge complexity,
171,true,11,581,,Monsters,Advanced dedicated algorithm,
862,true,11,660,,"Passion of Darkly Noon, The",Versatile multi-tasking array,
870,true,11,663,,Pippi on the Run (På rymmen med Pippi Långstrump),Future-proofed asymmetric forecast,
470,true,11,706,,"Ace of Aces (a.k.a. Super Ace, The) (As des as, L\')",Fundamental full-range neural-net,
282,true,11,806,,Jungleground,Inverse systematic paradigm,
981,true,11,859,,Caliber 9,Grass-roots methodical success,
650,true,11,868,,"Baytown Outlaws, The",Monitored web-enabled throughput,
558,true,11,870,,Rodan (Sora no daikaijû Radon),Switchable multi-state website,
306,true,11,900,,Mother and Child,Up-sized encompassing hierarchy,
411,true,12,31,,Jealousy,Mandatory directional architecture,
465,true,12,58,,Fort Bliss,Cloned discrete interface,
290,true,12,111,,Primrose Path,Customizable human-resource open system,
409,true,12,141,,"Good, the Bad and the Ugly, The (Buono, il brutto, il cattivo, Il)",Multi-layered system-worthy architecture,
142,true,12,209,,Once Upon a Crime...,Expanded demand-driven moratorium,
695,true,12,215,,Embodiment of Evil (Encarnação do Demônio),Integrated uniform knowledge base,
693,true,12,221,,New Year\'s Eve,Right-sized eco-centric encoding,
132,true,12,271,,Big City Blues,Reverse-engineered value-added frame,
629,true,12,288,,Outrageous Class (Hababam sinifi),Versatile 24 hour conglomeration,
267,true,12,347,,Running Mates,User-centric 24/7 productivity,
529,true,12,355,,Stakeout,Devolved value-added adapter,
817,true,12,366,,Skin Game,Ameliorated multimedia moderator,
473,true,12,389,,"Sign of Leo, The (Signe du lion, Le)",Multi-lateral zero administration neural-net,
512,true,12,463,,Supernova,Intuitive multi-state website,
742,true,12,521,,Here and Elsewhere,Profit-focused systemic function,
323,true,12,584,,Telling You,Profound discrete support,
264,true,12,590,,Goya: Crazy Like a Genius,Function-based exuding access,
664,true,12,607,,Prefontaine,Progressive mission-critical local area network,
7,true,12,609,,Valley Of Flowers,Reverse-engineered asynchronous hardware,
372,true,12,619,,Citizen Toxie: The Toxic Avenger IV,Synergized contextually-based open system,
785,true,12,629,,"Emperor Waltz, The",Face to face responsive benchmark,
779,true,12,647,,Phaedra,Reactive 3rd generation productivity,
95,true,12,659,,"Babadook, The",Organic background instruction set,
605,true,12,727,,"Robe, The",Versatile leading edge concept,
788,true,12,759,,Stille nacht,Multi-lateral responsive hierarchy,
375,true,12,772,,Android,Configurable global extranet,
984,true,12,798,,"Puerta de Hierro, el exilio de Perón",Balanced dynamic analyzer,
544,true,12,827,,Fly Me to the Moon,Implemented clear-thinking success,
790,true,12,840,,"Asphyx, The",Compatible grid-enabled adapter,
347,true,12,875,,"Mask of Fu Manchu, The",Ergonomic zero administration customer loyalty,
880,true,13,26,,Arthur Newman,Assimilated even-keeled capability,
476,true,13,27,,The Infinite Man,Organic local matrices,
804,true,13,38,,Gory Gory Hallelujah,Public-key discrete process improvement,
606,true,13,56,,"Bohemian Life, The (La vie de bohème)",Reverse-engineered responsive data-warehouse,
841,true,13,92,,Marvin Gaye: What\'s Going On,Automated 4th generation neural-net,
813,true,13,98,,Held Up,Optimized mission-critical secured line,
854,true,13,172,,Pursued,Compatible contextually-based functionalities,
106,true,13,189,,Twilight,Self-enabling fresh-thinking software,
58,true,13,207,,In Passing,Exclusive even-keeled hierarchy,
980,true,13,212,,"Animal Kingdom, The",Innovative solution-oriented firmware,
753,true,13,267,,Eye See You (D-Tox),Open-source clear-thinking extranet,
621,true,13,271,,StreetDance 3D,Upgradable zero defect function,
539,true,13,278,,Labyrinth,Public-key multi-tasking database,
464,true,13,284,,Jonah Who Will Be 25 in the Year 2000 (Jonas qui aura 25 ans en l\'an 2000),Adaptive exuding encoding,
57,true,13,374,,"Hunting Party, The",Progressive tertiary interface,
819,true,13,391,,Mike Bassett: England Manager,Cross-platform needs-based knowledge user,
50,true,13,396,,"Unsaid, The",Sharable 6th generation benchmark,
967,true,13,402,,Big Miracle,Distributed actuating hierarchy,
203,true,13,420,,"Comedy of Terrors, The",Triple-buffered background model,
941,true,13,422,,Dodge City,Balanced directional website,
445,true,13,443,,Vampires,Face to face didactic hub,
67,true,13,449,,Rapid Fire,Persevering modular function,
598,true,13,491,,Krakatoa: The Last Days,Proactive responsive matrix,
190,true,13,492,,Left Behind: World at War,Triple-buffered stable knowledge user,
909,true,13,499,,Jack the Bear,Horizontal empowering internet solution,
159,true,13,517,,Where East Is East,Synchronised coherent support,
418,true,13,532,,Bad Luck (Zezowate szczescie),Networked zero defect archive,
644,true,13,576,,Joy Division,Face to face 24/7 parallelism,
119,true,13,604,,Kill Bill: Vol. 2,Team-oriented next generation structure,
400,true,13,667,,"Undefeated, The",Multi-lateral system-worthy archive,
457,true,13,696,,Hellboy,Multi-layered full-range array,
341,true,13,745,,Small Faces,Adaptive optimizing capability,
704,true,13,783,,"Thirteenth Floor, The",Realigned scalable extranet,
165,true,13,789,,They Call Me Trinity,Optimized content-based standardization,
939,true,13,857,,Werner - Beinhart!,Enterprise-wide tertiary circuit,
888,true,13,877,,City of Hope,Phased bifurcated alliance,
223,true,13,899,,Herb & Dorothy,Automated 4th generation middleware,
681,true,15,52,,Nowhere Boy,Triple-buffered dynamic solution,
147,true,15,59,,Shanghai Knights,Digitized 3rd generation installation,
287,true,15,62,,Brides of Dracula,Stand-alone optimizing database,
510,true,15,71,,"Nazis: A Warning from History, The",Inverse methodical concept,
131,true,15,91,,Journey Into Fear,Versatile zero tolerance service-desk,
97,true,15,114,,Fahrenheit 9/11,Public-key next generation system engine,
189,true,15,121,,Krabat,Persevering static attitude,
61,true,15,140,,City of Ghosts,Function-based coherent array,
499,true,15,145,,Brooklyn Bridge,Multi-lateral optimal moratorium,
575,true,15,156,,Cold Fish (Tsumetai nettaigyo),User-friendly zero defect array,
361,true,15,272,,"Dust of Time, The",Organic bandwidth-monitored encryption,
509,true,15,293,,Force 10 from Navarone,Configurable dynamic budgetary management,
84,true,15,323,,"Changeling, The",Polarised systemic focus group,
425,true,15,337,,Fog Over Frisco,Progressive attitude-oriented structure,
821,true,15,371,,"Set-Up, The",Networked 4th generation utilisation,
547,true,15,375,,"Métamorphose des cloportes, La",Customizable zero tolerance focus group,
516,true,15,399,,"Core, The",Customer-focused grid-enabled matrices,
70,true,15,475,,Fried Green Tomatoes,Vision-oriented well-modulated toolset,
2,true,15,501,,Delusions of Grandeur (La folie des grandeurs),Realigned didactic hub,
401,true,15,502,,"Time for Killing, A",Grass-roots heuristic circuit,
258,true,15,503,,"Spy Next Door, The",Exclusive systematic strategy,
20,true,15,515,,"Cove, The",Team-oriented systemic benchmark,
115,true,15,579,,"Hard Way, The",Managed systemic concept,
971,true,15,599,,"Christmas Toy, The",Advanced scalable algorithm,
569,true,15,616,,Breaker Morant,Horizontal motivating extranet,
371,true,15,639,,Four Shades of Brown (Fyra nyanser av brunt),Robust responsive success,
863,true,15,686,,Ice Castles,Phased exuding throughput,
528,true,15,717,,"Little Prince, The",Diverse responsive flexibility,
885,true,15,732,,Bosko\'s Parlor Pranks,Advanced optimal software,
484,true,15,750,,Dark Journey,Seamless reciprocal installation,
204,true,15,766,,Taste of Cherry (Ta\'m e guilass),Quality-focused homogeneous info-mediaries,
533,true,15,789,,Nick the Sting,Ameliorated 3rd generation challenge,
542,true,15,792,,"Wednesday!, A",Virtual directional application,
747,true,15,825,,Three Wise Fools,Virtual intangible portal,
723,true,15,848,,"Thrill of It All, The",Enhanced fault-tolerant policy,
882,true,15,852,,Space Odyssey: Voyage to the Planets,Switchable executive neural-net,
589,true,15,865,,Petits Freres (Petits Frères),Centralized national interface,
278,true,15,869,,Hangtime - Kein leichtes Spiel,Focused asymmetric framework,
687,true,15,899,,"Trip, The",Open-architected methodical access,
83,true,17,20,,Die Hard,Customer-focused national groupware,
260,true,17,28,,The Derby Stallion,Monitored intangible methodology,
954,true,17,53,,Flow: For Love of Water,Quality-focused maximized intranet,
924,true,17,62,,"Phantom, The",Monitored logistical knowledge base,
342,true,17,74,,Zombies on Broadway,Down-sized fault-tolerant portal,
843,true,17,95,,Into the Deep,Front-line directional data-warehouse,
593,true,17,107,,Don Juan,Future-proofed analyzing extranet,
37,true,17,125,,Pure Country,Configurable 24 hour secured line,
996,true,17,141,,Children of the Secret State,Polarised static internet solution,
222,true,17,146,,"Merchant of Venice, The",Persistent radical task-force,
219,true,17,167,,Cirque du Soleil: Dralion,Reactive human-resource capability,
974,true,17,243,,She,Triple-buffered full-range functionalities,
752,true,17,274,,Diamond Dogs,Fully-configurable 5th generation artificial intelligence,
907,true,17,321,,Enduring Love,Grass-roots content-based benchmark,
776,true,17,382,,Free Willy 2: The Adventure Home,Distributed leading edge hub,
917,true,17,417,,Tobruk,Phased next generation artificial intelligence,
895,true,17,452,,Trainspotting,Pre-emptive systematic contingency,
386,true,17,461,,Angels in the Outfield,Re-contextualized dedicated emulation,
802,true,17,470,,"Marksman, The",Organized stable time-frame,
251,true,17,520,,Jubilation Street,Persevering 24/7 attitude,
643,true,17,539,,Texas Chainsaw 3D,User-centric leading edge toolset,
759,true,17,551,,Moonraker,Cloned optimizing process improvement,
655,true,17,624,,It Happened at the World\'s Fair,Fully-configurable fault-tolerant orchestration,
592,true,17,664,,Série noire,Profit-focused next generation knowledge user,
397,true,17,677,,Coming Home (Gui lai),Open-architected demand-driven analyzer,
414,true,17,735,,Edward II,Multi-tiered reciprocal structure,
934,true,17,759,,"Baytown Outlaws, The",Multi-lateral value-added budgetary management,
475,true,17,782,,James and the Giant Peach,Ergonomic homogeneous product,
460,true,17,812,,Lupin III: First Contact (Rupan Sansei: Faasuto Kontakuto),Team-oriented optimizing secured line,
173,true,17,832,,"Bunch Of Amateurs, A",Diverse content-based knowledge user,
421,true,17,839,,"Cat Concerto, The",Up-sized transitional challenge,
279,true,17,889,,Angel Eyes,Horizontal mobile hub,
459,true,17,893,,"1, 2, 3, Sun (Un, deuz, trois, soleil)",Networked web-enabled local area network,
327,true,17,894,,"Three Musketeers, The",Devolved multi-state initiative,
669,true,18,15,,Stakeout on Dope Street,Devolved asymmetric strategy,
697,true,18,22,,We Don\'t Live Here Anymore,Vision-oriented regional matrix,
952,true,18,55,,Armless,Universal needs-based matrices,
80,true,18,68,,Meantime,Horizontal mission-critical info-mediaries,
811,true,18,82,,Jeopardy (a.k.a. A Woman in Jeopardy),Progressive multi-state hierarchy,
648,true,18,124,,"Gunfighter, The",Phased web-enabled encoding,
186,true,18,166,,"Day of the Doctor, The",Virtual next generation throughput,
579,true,18,196,,Déjà Vu,Robust homogeneous attitude,
563,true,18,199,,Life of Pi,Vision-oriented homogeneous definition,
616,true,18,227,,"Band Wagon, The",Virtual 24 hour methodology,
729,true,18,241,,"Beguiled, The",Switchable global pricing structure,
160,true,18,284,,Frozen Planet,Persistent responsive leverage,
774,true,18,294,,Shutter,Configurable human-resource application,
64,true,18,331,,Feast II: Sloppy Seconds,Operative user-facing workforce,
214,true,18,338,,Zombies of Mora Tau,Programmable multimedia utilisation,
18,true,18,372,,"Sacrament, The",Optimized motivating archive,
733,true,18,388,,National Lampoon\'s Senior Trip,Universal object-oriented frame,
296,true,18,473,,"Je, tu, il, elle (I, You, He, She)",Stand-alone clear-thinking extranet,
299,true,18,485,,"Best Man Holiday, The",Monitored national neural-net,
311,true,18,520,,Horns,Multi-layered 5th generation architecture,
225,true,18,602,,Ghost in the Machine (a.k.a. Deadly Terror),Multi-lateral dedicated benchmark,
316,true,18,642,,Assault on a Queen,Programmable coherent parallelism,
822,true,18,645,,Sons of the Desert,Visionary uniform help-desk,
109,true,18,656,,More Wild Wild West,Sharable holistic hierarchy,
14,true,18,684,,Warrior,Cross-platform upward-trending capacity,
734,true,18,698,,"Life Is Rosy (a.k.a. Life Is Beautiful) (Vie est belle, La)",Organic 24/7 productivity,
112,true,18,732,,"Flying Deuces, The",Virtual tertiary software,
523,true,18,752,,Casual Sex?,Expanded maximized workforce,
383,true,18,762,,Flamingo Road,Optimized system-worthy intranet,
970,true,18,804,,Small Apartments,Re-engineered 6th generation solution,
720,true,18,830,,"Bribe, The",Re-contextualized multimedia protocol,
639,true,18,835,,Bingo,Adaptive solution-oriented service-desk,
429,true,18,880,,Our Children (À perdre la raison),Adaptive object-oriented forecast,
23,true,18,896,,Swoon,Synergistic user-facing local area network,
27,true,26,57,,Fireworks (Hana-bi),Re-engineered incremental knowledge base,
336,true,26,148,,Our Town,Intuitive interactive focus group,
141,true,26,232,,Ben-Hur: A Tale of the Christ,Secured 6th generation framework,
807,true,26,246,,Broken Wings (Knafayim Shvurot),User-friendly 24/7 local area network,
291,true,26,299,,Camille Claudel 1915,Business-focused bifurcated artificial intelligence,
495,true,26,323,,Blood on the Sun,Team-oriented bottom-line knowledge base,
387,true,26,344,,Ten Little Indians,Ameliorated client-driven contingency,
898,true,26,394,,Premiers désirs,Ergonomic 4th generation ability,
378,true,26,454,,"Man Who Fell to Earth, The",Programmable discrete strategy,
32,true,26,455,,Jonah Who Will Be 25 in the Year 2000 (Jonas qui aura 25 ans en l\'an 2000),Object-based zero defect portal,
666,true,26,482,,"Day They Robbed the Bank of England, The",Enterprise-wide 24 hour paradigm,
847,true,26,486,,"Four Days of Naples, The (Le quattro giornate di Napoli)",Fundamental regional approach,
903,true,26,499,,The Third Half,Fundamental cohesive projection,
566,true,26,507,,Rushmore,Public-key static toolset,
726,true,26,512,,The Rabbi\'s Cat (Le chat du rabbin),Ergonomic well-modulated software,
75,true,26,528,,Underworld,Cross-platform 24 hour circuit,
945,true,26,539,,Pat and Mike,Phased content-based alliance,
454,true,26,552,,Taxi 4,Adaptive fresh-thinking strategy,
914,true,26,608,,Sweet November,Cross-group discrete toolset,
873,true,26,615,,"Banger Sisters, The",Front-line asynchronous info-mediaries,
355,true,26,616,,"Legend of Sleepy Hollow, The",Digitized directional local area network,
948,true,26,635,,Bottle Rocket,Reduced uniform product,
550,true,26,655,,Before I Disappear,Upgradable next generation website,
28,true,26,684,,There\'s Only One Sun,Persistent didactic internet solution,
310,true,26,698,,Leprechaun,Fully-configurable bottom-line approach,
514,true,26,767,,"Guide, The (O Xenagos)",Automated reciprocal benchmark,
982,true,26,829,,The Inner Circle,Polarised attitude-oriented portal,
345,true,26,882,,"Asphalt Jungle, The",Robust bifurcated encoding,
511,true,27,18,,North Beach,Ameliorated didactic firmware,
85,true,27,24,,I Love You Phillip Morris,Realigned bandwidth-monitored core,
763,true,27,62,,Do Fish Do It? (Fickende Fische),Focused upward-trending core,
368,true,27,69,,Kanak Attack,Intuitive interactive projection,
193,true,27,72,,Identity,Fully-configurable 3rd generation framework,
405,true,27,87,,Ocean\'s Eleven,Monitored full-range challenge,
164,true,27,106,,Murder Most Foul,Universal fresh-thinking ability,
879,true,27,109,,Life Back Then (Antoki no inochi),Operative hybrid intranet,
293,true,27,112,,Once Upon a Time in the Midlands,Re-engineered holistic strategy,
406,true,27,131,,Bluebeard (Barbe Bleue),Managed encompassing structure,
3,true,27,134,,Damsels in Distress,Profit-focused local complexity,
51,true,27,136,,"Black Sleep, The",Open-architected client-server hardware,
463,true,27,169,,Brideshead Revisited,Down-sized holistic implementation,
45,true,27,186,,Courier,Right-sized optimizing focus group,
715,true,27,258,,Orlando,Synergized non-volatile hardware,
832,true,27,326,,"Dirty Shame, A",Multi-layered optimizing installation,
551,true,27,362,,"Liquidator, The",Pre-emptive upward-trending strategy,
6,true,27,370,,"New Kind of Love, A",Customer-focused coherent parallelism,
920,true,27,378,,Escape Me Never,Digitized 3rd generation function,
957,true,27,400,,Kart Racer,Virtual multi-tasking database,
5,true,27,419,,Army of Shadows (L\'armée des ombres),Adaptive motivating function,
765,true,27,442,,Madonna\'s Pig,Customer-focused foreground help-desk,
594,true,27,502,,Gilles\' Wife (La femme de Gilles),Organized optimizing structure,
828,true,27,503,,"Dead Next Door, The",Face to face secondary alliance,
426,true,27,515,,Piter FM,Implemented intangible workforce,
424,true,27,518,,Barnens ö,Enterprise-wide bandwidth-monitored framework,
183,true,27,523,,Sweet Hearts Dance,User-friendly neutral synergy,
850,true,27,569,,Toy Story 3,Grass-roots 4th generation time-frame,
614,true,27,577,,Quarantine,Synergized full-range budgetary management,
442,true,27,627,,"Other Dream Team, The",Robust didactic interface,
471,true,27,667,,"Song to Remember, A",User-friendly transitional task-force,
348,true,27,679,,Never Take Candy from a Stranger (Never Take Sweets from a Stranger),Managed actuating hub,
661,true,27,720,,Charlotte\'s Web,Decentralized intermediate middleware,
900,true,27,738,,Trishna,Open-source regional archive,
415,true,27,745,,Incendies,Streamlined solution-oriented analyzer,
755,true,27,772,,Into the Woods,Triple-buffered non-volatile definition,
130,true,27,829,,Echoes of the Rainbow (Sui yuet san tau),Realigned cohesive functionalities,
24,true,27,842,,"Rumor of Angels, A",Reverse-engineered regional analyzer,
993,true,27,862,,3:10 to Yuma,Balanced eco-centric leverage,
449,true,27,888,,"Portrait of a Lady, The",Decentralized contextually-based flexibility,
929,true,27,894,,Männerherzen... und die ganz ganz große Liebe,Horizontal scalable groupware,
114,true,28,13,,Missing in Action 2: The Beginning,Automated intangible adapter,
202,true,28,74,,Breathing Room,Face to face regional local area network,
62,true,28,78,,Mr. Nobody,Organized executive emulation,
808,true,28,83,,Home,Reactive impactful access,
918,true,28,105,,The Diary of Anne Frank,Sharable 24/7 productivity,
76,true,28,106,,Direct Contact,Future-proofed discrete synergy,
730,true,28,230,,Men with Guns,Expanded mission-critical benchmark,
705,true,28,265,,"Man with the Movie Camera, The (Chelovek s kino-apparatom)",Upgradable leading edge installation,
584,true,28,304,,Attack of the 50 Ft. Woman,Digitized asymmetric collaboration,
710,true,28,312,,Firstborn,Right-sized tangible policy,
4,true,28,331,,Bad Boys II,Multi-lateral mobile analyzer,
419,true,28,341,,Lucy,Right-sized composite data-warehouse,
133,true,28,343,,I Want to Be a Soldier,Distributed even-keeled firmware,
504,true,28,360,,Invitation to a Gunfighter,Balanced fresh-thinking secured line,
56,true,28,381,,Man to Man,Networked solution-oriented leverage,
968,true,28,390,,Hoop Dreams,Implemented 24/7 encoding,
725,true,28,413,,Fat People (Gordos),Distributed full-range circuit,
54,true,28,460,,Identity Thief,Seamless eco-centric functionalities,
999,true,28,467,,200 Cigarettes,Triple-buffered dynamic intranet,
144,true,28,472,,"Woman on the Beach, The",Public-key interactive monitoring,
799,true,28,504,,Scoop,User-centric systemic algorithm,
229,true,28,531,,Cop and ½,Intuitive 4th generation encryption,
93,true,28,536,,Arnold,Adaptive static protocol,
994,true,28,541,,Gods and Monsters,Public-key attitude-oriented project,
41,true,28,552,,Wings in the Dark,Assimilated dynamic circuit,
179,true,28,592,,Air Doll (Kûki ningyô),Multi-channelled incremental collaboration,
486,true,28,593,,"Man and a Woman, A (Un homme et une femme)",Compatible fresh-thinking neural-net,
724,true,28,609,,Women in Trouble,Cross-group disintermediate concept,
721,true,28,631,,Humpday,Seamless contextually-based standardization,
556,true,28,642,,"Big Clock, The",Multi-tiered grid-enabled info-mediaries,
688,true,28,686,,Inside Moves,Multi-channelled maximized archive,
925,true,28,698,,Leprechaun: Origins,Phased incremental hierarchy,
615,true,28,709,,Angels Sing,Pre-emptive next generation open architecture,
125,true,28,740,,Peacock,Customer-focused discrete middleware,
185,true,28,840,,The 11 Commandments,Organic systematic superstructure,
200,true,28,884,,Tekkonkinkreet (Tekkon kinkurîto),Pre-emptive context-sensitive superstructure,
472,true,29,2,,Modern Times,Multi-tiered mobile complexity,
350,true,29,53,,À nous la liberté (Freedom for Us),Open-architected zero administration info-mediaries,
303,true,29,54,,The Gang That Sold America,Expanded cohesive capability,
612,true,29,63,,"Last Days of Disco, The",Polarised upward-trending monitoring,
227,true,29,84,,Hush,Distributed local contingency,
224,true,29,116,,"New York Ripper, The (Squartatore di New York, Lo)",Ameliorated disintermediate matrices,
866,true,29,136,,Kingdom Come,Exclusive dynamic extranet,
26,true,29,202,,Wimbledon,Optional needs-based policy,
973,true,29,224,,Welcome to Dongmakgol,Organic asymmetric toolset,
434,true,29,227,,My Dear Secretary,Versatile bandwidth-monitored ability,
228,true,29,228,,Border Feud,Realigned intermediate firmware,
162,true,29,283,,Margot at the Wedding,Organic 4th generation benchmark,
178,true,29,305,,"Day the Earth Stood Still, The",Intuitive local system engine,
138,true,29,330,,Air America,Universal hybrid methodology,
328,true,29,360,,"Wednesday!, A",Re-contextualized interactive attitude,
72,true,29,455,,Cop Land,Realigned zero tolerance firmware,
490,true,29,485,,"Cost of Oil: Voices from the Arctic, The",Enterprise-wide modular analyzer,
986,true,29,535,,Imaginary Heroes,Object-based systematic info-mediaries,
867,true,29,536,,Wild Things,Adaptive fault-tolerant monitoring,
231,true,29,575,,Zelig,Implemented bandwidth-monitored hardware,
263,true,29,606,,"Golden Compass, The",Assimilated well-modulated knowledge base,
99,true,29,672,,Fanatics (Kulman pojat),User-friendly multimedia artificial intelligence,
564,true,29,841,,"Decline of Western Civilization, The",Organized object-oriented productivity,
696,true,29,844,,Tungsten,Configurable web-enabled capacity,
709,true,29,874,,Alpha and Omega 2: A Howl-iday Adventure (Alpha & Omega 2),Future-proofed object-oriented project,
731,true,31,16,,Zero Charisma,Reduced object-oriented methodology,
235,true,31,26,,18 Fingers of Death!,Cross-group radical superstructure,
943,true,31,31,,Vengeance (Fuk sau),Compatible even-keeled utilisation,
100,true,31,44,,"Stepford Wives, The",Synergistic non-volatile neural-net,
8,true,31,85,,Human Planet,Configurable cohesive budgetary management,
194,true,31,102,,Animal Room,Polarised didactic extranet,
73,true,31,159,,Live Wire,Sharable well-modulated parallelism,
587,true,31,161,,Bubble Boy,Re-engineered transitional protocol,
232,true,31,170,,Typhoon (Tae-poong),Versatile regional challenge,
849,true,31,173,,"Wedding Photographer, The (Bröllopsfotografen)",Future-proofed bandwidth-monitored matrices,
256,true,31,204,,Silverado,Self-enabling high-level interface,
536,true,31,226,,The Lone Ranger,Innovative client-server artificial intelligence,
521,true,31,287,,Virgin Stripped Bare by Her Bachelors (Oh! Soo-jung),Diverse impactful functionalities,
624,true,31,367,,Film About a Woman Who...,Vision-oriented object-oriented intranet,
749,true,31,434,,"Adventure in Space and Time, An",Customizable optimal collaboration,
848,true,31,444,,Chocolat,Public-key tangible forecast,
736,true,31,448,,Paradise,Innovative background capability,
979,true,31,487,,"One Potato, Two Potato",Networked grid-enabled core,
292,true,31,554,,Snow Falling on Cedars,Total system-worthy conglomeration,
797,true,31,568,,The Perfect World of Kai,Streamlined dynamic circuit,
535,true,31,574,,Wonderful Days (a.k.a. Sky Blue),Advanced 5th generation portal,
554,true,31,576,,Twice Upon a Time,Organized systematic adapter,
16,true,31,590,,"Rink, The",Decentralized methodical local area network,
307,true,31,628,,11 Harrowhouse,Universal well-modulated alliance,
123,true,31,707,,Ménilmontant,Stand-alone zero tolerance benchmark,
344,true,31,748,,Independence Day (a.k.a. ID4),Optional mission-critical function,
677,true,31,843,,Mrs. Dalloway,Team-oriented tangible interface,
157,true,31,858,,"Captain\'s Paradise, The",Triple-buffered mobile focus group,
632,true,32,123,,"Princess and the Warrior, The (Krieger und die Kaiserin, Der)",Right-sized holistic workforce,
572,true,32,169,,West Side Story,Compatible solution-oriented local area network,
682,true,32,182,,Extreme Measures,Inverse next generation core,
208,true,32,196,,Shadow of Angels (Schatten der Engel),Adaptive global Graphic Interface,
319,true,32,201,,"Certain Kind Of Death, A",Customizable secondary emulation,
565,true,32,221,,Kounterfeit,User-friendly stable core,
561,true,32,236,,"Bad Seed, The",De-engineered full-range challenge,
205,true,32,254,,Tasting Menu,Reduced dedicated policy,
745,true,32,270,,Sleeping Beauty,Implemented optimizing artificial intelligence,
295,true,32,276,,"Mighty, The",Public-key 6th generation array,
417,true,32,294,,Pooh\'s Heffalump Movie,Enhanced client-driven conglomeration,
877,true,32,394,,Georgy Girl,Decentralized 6th generation service-desk,
525,true,32,423,,To Each His Own Cinema (Chacun son cinéma ou Ce petit coup au coeur quand la lumière s\'éteint et que le film commence),Face to face static framework,
255,true,32,434,,Candyman,Customizable multi-state functionalities,
600,true,32,447,,Shoeshine (Sciuscià),Pre-emptive tangible projection,
513,true,32,457,,Larry the Cable Guy: Health Inspector,Reduced tangible data-warehouse,
492,true,32,510,,Beach Red,Multi-channelled client-driven infrastructure,
156,true,32,537,,"Misérables, Les",Public-key incremental migration,
602,true,32,539,,Prime Suspect,User-centric 6th generation open architecture,
191,true,32,548,,Never Forever,Switchable solution-oriented flexibility,
545,true,32,606,,Brother (Brat),Seamless system-worthy definition,
139,true,32,621,,"Rum Diary, The",Managed mission-critical database,
152,true,32,650,,"Legend of Lizzie Borden, The",Persevering background artificial intelligence,
633,true,32,683,,The Scapegoat,Inverse hybrid analyzer,
795,true,32,712,,Skylark,Business-focused empowering info-mediaries,
243,true,32,724,,Don\'t Think About It (Non Pensarci),Seamless even-keeled artificial intelligence,
653,true,32,764,,"Pyromaniac\'s Love Story, A",Universal object-oriented protocol,
170,true,32,769,,12th & Delaware,Intuitive bi-directional neural-net,
995,true,32,800,,Infamous,Realigned client-server superstructure,
540,true,32,815,,Where the Boys Are,Function-based multi-state open architecture,
81,true,32,844,,Opening Night,Self-enabling motivating firmware,
111,true,32,874,,Over the Top,Fully-configurable transitional Graphic Interface,
859,true,32,875,,"Grudge 2, The",Exclusive well-modulated standardization,
714,true,32,886,,Tom Segura: Completely Normal,Automated 24 hour model,
679,true,33,13,,"Bad News Bears, The",Customer-focused real-time access,
246,true,33,23,,"Banger Sisters, The",Virtual explicit alliance,
505,true,33,27,,Beautiful Creatures,Assimilated scalable throughput,
43,true,33,36,,Swamp Women,Vision-oriented 24/7 functionalities,
913,true,33,39,,William S. Burroughs: A Man Within,Cross-platform even-keeled intranet,
683,true,33,55,,Things We Do For Love (Kaikella rakkaudella),Secured contextually-based utilisation,
534,true,33,59,,"Lost, Lost, Lost ",Cloned encompassing emulation,
987,true,33,89,,Daddy Nostalgia (Daddy Nostalgie),Multi-lateral actuating groupware,
660,true,33,98,,"Cross: The Arthur Blessitt Story, The",Progressive leading edge moratorium,
96,true,33,132,,Holy Rollers,Open-architected transitional project,
983,true,33,141,,Our Blushing Brides,Vision-oriented object-oriented toolset,
975,true,33,170,,"Program, The",Ameliorated reciprocal knowledge user,
272,true,33,180,,Beauty and the Beast (Beauty and the Beasts: A Dark Tale),Quality-focused mission-critical extranet,
768,true,33,181,,"Prince & Me, The",Inverse discrete implementation,
395,true,33,258,,Summer of the Monkeys,Networked global project,
273,true,33,303,,Ramona and Beezus,Front-line homogeneous middleware,
852,true,33,367,,La Planque,Team-oriented 6th generation superstructure,
676,true,33,370,,"Kentuckian, The",Phased contextually-based intranet,
213,true,33,435,,Submarine X-1,Re-contextualized neutral open architecture,
198,true,33,459,,Mother and Child,Ergonomic static collaboration,
31,true,33,478,,3-Iron (Bin-jip),Multi-lateral client-driven Graphical User Interface,
192,true,33,498,,Disturbing Behavior,Operative mission-critical frame,
329,true,33,586,,Beefcake,Re-engineered foreground policy,
289,true,33,616,,Snow White and the Huntsman,Robust motivating core,
619,true,33,653,,"All the Way Boys (Più forte, ragazzi!)",Cloned multimedia knowledge base,
803,true,33,675,,Che: Part Two,Mandatory zero administration initiative,
783,true,33,685,,Nueba Yol,Enhanced contextually-based synergy,
805,true,33,692,,Home Before Dark,Open-source regional access,
364,true,33,714,,Every Other Weekend (Un week-end sur deux),Team-oriented context-sensitive solution,
608,true,33,751,,And God Created Woman (Et Dieu... créa la femme),Profound secondary concept,
583,true,33,765,,"Agony and the Ecstasy, The",Devolved intangible encryption,
860,true,33,779,,"When Time Ran Out... (Day the World Ended, The)",Inverse full-range neural-net,
640,true,33,795,,Nazarin (Nazarín),Profound homogeneous leverage,
77,true,33,811,,Set Me Free (Emporte-moi),Diverse intermediate throughput,
22,true,33,831,,Midnight Lace,Right-sized bandwidth-monitored approach,
210,true,33,845,,Pride and Glory,Fully-configurable needs-based groupware,
47,true,35,123,,Short Eyes,Balanced homogeneous open architecture,
90,true,35,164,,Hana (Hana yori mo naho),Right-sized bottom-line system engine,
754,true,35,169,,"League of Ordinary Gentlemen, A",Automated intermediate local area network,
150,true,35,173,,My Favorite Martian,Re-engineered non-volatile productivity,
1,true,35,211,,Steamboat Round the Bend,Multi-tiered zero defect infrastructure,
321,true,35,259,,"Horse\'s Mouth, The",Inverse high-level leverage,
840,true,35,275,,Saving Private Ryan,Customer-focused systemic middleware,
250,true,35,286,,Meth,Universal neutral hardware,
324,true,35,339,,Soapdish,Persevering background archive,
649,true,35,340,,Street Fighter: Assassin\'s Fist,Multi-channelled disintermediate synergy,
743,true,35,349,,Home,Organic needs-based moratorium,
750,true,35,350,,"Black Dahlia, The",Multi-layered discrete projection,
413,true,35,386,,"Lovers on the Bridge, The (Amants du Pont-Neuf, Les)",Streamlined multi-state moratorium,
373,true,35,391,,187 (One Eight Seven),Visionary upward-trending service-desk,
175,true,35,451,,"Best and the Brightest, The",Reverse-engineered needs-based solution,
346,true,35,474,,3 Days to Kill,Decentralized next generation emulation,
391,true,35,499,,Awesome, I Fuckin Shot That!,Progressive full-range middleware
935,true,35,508,,Novocaine,Adaptive multimedia application,
174,true,35,549,,Autumn Spring (Babí léto),Customizable even-keeled hierarchy,
548,true,35,583,,Silvestre,Re-contextualized asymmetric process improvement,
450,true,35,597,,Shine a Light,Realigned coherent Graphic Interface,
359,true,35,600,,Ip Man 2,Inverse heuristic knowledge base,
462,true,35,633,,"Deceivers, The",Focused static initiative,
21,true,35,755,,At Berkeley,Distributed 24 hour database,
154,true,35,795,,Luna de Avellaneda,Robust solution-oriented productivity,
735,true,35,842,,Hustle,Decentralized logistical conglomeration,
628,true,35,851,,A Second Chance,Open-source intangible strategy,
107,true,35,857,,Bey Yaar,Multi-lateral eco-centric contingency,
647,true,35,864,,"Bonheur, Le",Persevering high-level project,
226,true,35,878,,Retrogade,Diverse content-based array,
385,true,35,888,,The Outsider,Virtual demand-driven help-desk,
129,true,36,41,,High Test Girls,Right-sized clear-thinking core,
837,true,36,59,,Beware of a Holy Whore (Warnung vor einer heiligen Nutte),Down-sized maximized hierarchy,
315,true,36,77,,"Average Little Man, An (Un borghese piccolo piccolo)",Triple-buffered logistical core,
262,true,36,83,,Dead Man\'s Walk,Assimilated cohesive monitoring,
519,true,36,90,,Cheaper by the Dozen,Ameliorated holistic Graphical User Interface,
780,true,36,148,,An American Tail: The Mystery of the Night Monster,Triple-buffered fault-tolerant algorithm,
581,true,36,150,,Meek\'s Cutoff,Reverse-engineered attitude-oriented project,
423,true,36,191,,Doughboys,Fundamental attitude-oriented data-warehouse,
778,true,36,196,,"Howards of Virginia, The",Persevering tertiary emulation,
326,true,36,215,,Happy Feet,Intuitive mobile complexity,
149,true,36,221,,Kiss Me Goodbye,Persevering maximized open system,
78,true,36,239,,"House of the Devil, The",Up-sized 3rd generation software,
10,true,36,302,,"Yakuza, The",Object-based bandwidth-monitored website,
384,true,36,309,,For Neda,Profit-focused explicit time-frame,
978,true,36,325,,Daylight Robbery,Front-line fresh-thinking monitoring,
209,true,36,333,,"Bullfighters, The",Open-source solution-oriented moderator,
637,true,36,343,,Age of Heroes,Face to face context-sensitive system engine,
793,true,36,354,,Impulse,Advanced maximized architecture,
297,true,36,373,,Restless (Levottomat),Re-engineered upward-trending service-desk,
196,true,36,392,,"Wounds, The (Rane)",Horizontal global budgetary management,
707,true,36,397,,"Truth or Consequences, N.M.",Secured value-added success,
247,true,36,444,,"Frozen North, The",Business-focused empowering website,
988,true,36,479,,"Food of the Gods, The",Assimilated explicit firmware,
657,true,36,536,,Songcatcher,Re-contextualized systematic software,
11,true,36,547,,Cremaster 2,User-centric regional hardware,
622,true,36,554,,Eccentricities of a Blonde-haired Girl (Singularidades de uma Rapariga Loura),Balanced tangible knowledge base,
497,true,36,601,,Wishmaster 2: Evil Never Dies,Customizable holistic artificial intelligence,
662,true,36,642,,Mega Shark vs. Giant Octopus,Implemented user-facing success,
410,true,36,644,,Jessabelle,Proactive modular matrix,
71,true,36,662,,Bambi 2,Self-enabling 3rd generation projection,
432,true,36,709,,Sut (Milk),Proactive heuristic attitude,
568,true,36,779,,Raanjhanaa,Future-proofed tangible access,
404,true,36,790,,My Own Private Idaho,Intuitive 4th generation projection,
180,true,36,864,,"Sentimental Swordsman, The (To ching chien ko wu ching chien)",Profit-focused optimizing database,
875,true,36,873,,Chocolat,Synergized 4th generation emulation,
98,true,36,880,,Big Eden,Persevering systemic capacity,
66,true,37,7,,"Killing of America, The",Pre-emptive systemic leverage,
172,true,37,13,,Sleeping with the Enemy,Fundamental regional groupware,
597,true,37,58,,Pi,Integrated neutral groupware,
241,true,37,120,,Cirque du Soleil: Worlds Away,Open-architected impactful matrices,
370,true,37,140,,It\'s Such a Beautiful Day,Phased dynamic open architecture,
265,true,37,172,,Little Miss Broadway,Seamless actuating installation,
416,true,37,196,,Favor,Stand-alone clear-thinking hardware,
728,true,37,247,,"Little Stiff, A",Reverse-engineered explicit capability,
607,true,37,276,,Power,Phased zero defect implementation,
17,true,37,299,,"Woman Under the Influence, A",Persistent mobile policy,
128,true,37,451,,K-911,Enterprise-wide logistical migration,
738,true,37,463,,"Edward, My Son",Fundamental encompassing challenge,
201,true,37,484,,Herb & Dorothy,Advanced national circuit,
923,true,37,522,,Josie and the Pussycats,Extended uniform intranet,
896,true,37,579,,Gideon\'s Army,Programmable 4th generation success,
812,true,37,608,,Machine Gun Kelly,Multi-layered clear-thinking functionalities,
301,true,37,618,,Body Shots,Stand-alone regional Graphical User Interface,
658,true,37,691,,We Own the Night,Seamless multi-state workforce,
245,true,37,731,,"Bow, The (Hwal)",Versatile 6th generation frame,
962,true,37,792,,Rose Red,Optional analyzing synergy,
901,true,37,797,,Süperseks,Persevering local application,
977,true,37,804,,"Moment After 2, The: The Awakening",Decentralized bandwidth-monitored middleware,
719,true,37,817,,Whitecoats,Reactive reciprocal system engine,
82,true,37,826,,"Long Ride Home, The",Function-based responsive hierarchy,
496,true,37,840,,There\'s a Girl in My Soup,Object-based optimizing hierarchy,
919,true,37,884,,Ironclad 2: Battle for Blood,Pre-emptive transitional structure,
408,true,37,896,,"Mudlark, The",Persistent secondary architecture,
448,true,37,898,,Only You,Visionary bi-directional leverage,
527,true,38,19,,Tali-Ihantala 1944,Proactive discrete access,
483,true,38,40,,West Point,Proactive national neural-net,
985,true,38,47,,Dark Water (Honogurai mizu no soko kara),Decentralized intangible support,
960,true,38,58,,Les disparus de Saint-Agil,Vision-oriented systematic artificial intelligence,
48,true,38,76,,"Promise, The (La promesse)",Integrated 5th generation workforce,
674,true,38,79,,Cowboy Bebop,Innovative national migration,
36,true,38,121,,Born to Defense (Zhong hua ying xiong),Stand-alone responsive data-warehouse,
899,true,38,122,,Kill for Me,Secured reciprocal projection,
671,true,38,188,,Fire Down Below,Compatible coherent hub,
234,true,38,252,,Pressure Point ,Multi-lateral composite implementation,
746,true,38,302,,Peacock,Cloned maximized architecture,
474,true,38,322,,"Saragossa Manuscript, The (Rekopis znaleziony w Saragossie)",Automated 6th generation leverage,
958,true,38,330,,TINY: A Story About Living Small,User-friendly scalable info-mediaries,
997,true,38,333,,Violet Tendencies,Extended optimizing intranet,
79,true,38,339,,If....,Extended motivating knowledge base,
466,true,38,345,,Finding Forrester,Customer-focused clear-thinking alliance,
576,true,38,354,,Inside Deep Throat,Triple-buffered intermediate infrastructure,
989,true,38,368,,Three Brave Men,Re-engineered intangible hardware,
782,true,38,375,,"Bang, Bang, You\'re Dead",Optimized value-added middleware,
969,true,38,397,,"Adventures of Tom Sawyer, The",Sharable directional internet solution,
757,true,38,412,,"Snow Walker, The",Polarised clear-thinking capacity,
363,true,38,462,,"3rd Voice, The",Advanced high-level migration,
515,true,38,474,,Das Leben ist nichts für Feiglinge,Programmable demand-driven software,
68,true,38,507,,"Adventures of Ichabod and Mr. Toad, The",Triple-buffered actuating array,
892,true,38,532,,Sorority Row,Triple-buffered bifurcated software,
538,true,38,564,,Risky Business,Robust disintermediate workforce,
585,true,38,609,,"Next Man, The",User-friendly holistic benchmark,
845,true,38,610,,All Things Fair (Lust och fägring stor),Proactive bi-directional circuit,
155,true,38,647,,Win Win,Adaptive impactful customer loyalty,
809,true,38,759,,Monkeybone,Re-engineered tangible project,
337,true,38,810,,"Sadist, The",Reactive homogeneous matrix,
963,true,38,826,,Gory Gory Hallelujah,Reactive multi-tasking collaboration,
680,true,38,848,,"Soldier\'s Daughter Never Cries, A",Centralized scalable approach,
12,true,39,6,,African Cats,Multi-layered local budgetary management,
571,true,39,116,,"Report, The (Gozaresh)",Adaptive 4th generation emulation,
487,true,39,119,,My Flesh My Blood (Moja krew),Right-sized tangible parallelism,
120,true,39,141,,"Bounty, The",Multi-channelled high-level algorithm,
835,true,39,144,,"Remains of the Day, The",Monitored content-based hierarchy,
59,true,39,201,,Moonlight Serenade,Centralized 3rd generation methodology,
271,true,39,241,,Monsignor,Object-based client-driven help-desk,
794,true,39,256,,Big Fella,Down-sized tertiary approach,
356,true,39,281,,From the Earth to the Moon,Operative system-worthy challenge,
396,true,39,294,,"Eye 2, The (Gin gwai 2)",Profit-focused homogeneous intranet,
447,true,39,375,,"Front Line, The",Inverse attitude-oriented firmware,
827,true,39,449,,"Spitfire Grill, The",Phased full-range Graphical User Interface,
762,true,39,491,,Lentsu,Ameliorated secondary solution,
325,true,39,518,,Latcho Drom,Multi-lateral full-range core,
362,true,39,569,,Wittgenstein,Phased 3rd generation encoding,
369,true,39,576,,"Blind Side, The",Configurable scalable throughput,
269,true,39,582,,Armour of God II: Operation Condor (Operation Condor) (Fei ying gai wak),Synergized eco-centric archive,
358,true,39,590,,Stranded,Pre-emptive next generation hub,
422,true,39,618,,A Short History of Decay,Customizable zero defect groupware,
182,true,39,661,,"Flying Fleet, The",Managed coherent implementation,
452,true,39,675,,"Rescuers, The",Re-engineered human-resource leverage,
40,true,39,676,,Chris Rock: Bigger & Blacker,De-engineered heuristic website,
604,true,39,718,,"Other Side of Heaven, The",Secured hybrid projection,
691,true,39,733,,Hated,Reverse-engineered national functionalities,
240,true,39,810,,Michael,Proactive encompassing hardware,
700,true,39,820,,Clockstoppers,Reduced fresh-thinking budgetary management,
33,true,39,827,,Lost in America,Self-enabling bi-directional parallelism,
741,true,39,829,,"Odd Couple, The",User-centric value-added challenge,
856,true,39,834,,"Ambulance, The",Fully-configurable dedicated knowledge user,
498,true,39,838,,Out for a Kill,Down-sized context-sensitive forecast,
520,true,39,848,,Don\'t Tell Mom the Babysitter\'s Dead,De-engineered executive moratorium,
553,true,39,850,,Austin High,Sharable even-keeled analyzer,
517,true,39,881,,Behind Enemy Lines,Assimilated foreground encoding,
74,true,40,52,,"Boy Who Could Fly, The",Centralized object-oriented encoding,
761,true,40,58,,"American Tail, An",Exclusive transitional customer loyalty,
360,true,40,76,,Bloody Mama,Compatible mobile policy,
815,true,40,106,,"Pearls of the Crown, The (Les perles de la couronne)",Fundamental global installation,
420,true,40,132,,Boccaccio \'70,User-centric 4th generation challenge,
88,true,40,152,,Elevator ,Reverse-engineered dynamic monitoring,
641,true,40,198,,King & Country,Optimized composite methodology,
92,true,40,212,,Diplomacy (Diplomatie),Operative human-resource interface,
479,true,40,214,,"Fast & Furious 6 (Fast and the Furious 6, The)",Persistent actuating groupware,
956,true,40,286,,"Ashes, The (Popioly)",Digitized didactic strategy,
441,true,40,291,,"As Above, So Below",Multi-layered clear-thinking success,
236,true,40,313,,"Interrupters, The",Business-focused logistical encryption,
792,true,40,323,,"Glass Menagerie, The",User-centric motivating flexibility,
716,true,40,330,,TV Junkie,Face to face explicit local area network,
49,true,40,387,,Rehearsals for Extinct Anatomies,Polarised system-worthy software,
904,true,40,451,,Kal Ho Naa Ho,Advanced full-range service-desk,
439,true,40,546,,Blues Brothers 2000,Profit-focused coherent complexity,
305,true,40,652,,Alexander the Great,Exclusive tangible knowledge user,
727,true,40,739,,Madame Rosa (La vie devant soi),Compatible analyzing parallelism,
168,true,40,756,,Downeast,Triple-buffered fresh-thinking array,
998,true,40,767,,"Place of One\'s Own, A",Profound multi-tasking matrices,
631,true,40,773,,Predator 2,Configurable disintermediate throughput,
430,true,40,780,,Sanctum,Synergistic mission-critical internet solution,
990,true,40,844,,Wagons East,Organic intangible open system,
176,true,43,42,,Pelle Svanslös i Amerikatt,Streamlined grid-enabled methodology,
678,true,43,43,,"Wind, The",Open-architected multimedia Graphical User Interface,
477,true,43,74,,On the Beach,Proactive zero defect core,
94,true,43,86,,Enigma,Total regional function,
354,true,43,105,,Light Sleeper,Managed value-added ability,
199,true,43,110,,Something Wild,Cross-platform systematic conglomeration,
317,true,43,142,,Universal Soldier: Regeneration,Networked intermediate customer loyalty,
340,true,43,150,,Alice,Team-oriented next generation forecast,
818,true,43,164,,Snake and Mongoose,Triple-buffered zero tolerance hub,
836,true,43,178,,The Magic Crystal,Phased didactic complexity,
339,true,43,233,,Rudo y Cursi (Rough and Vulgar),Digitized homogeneous local area network,
627,true,43,242,,Guendalina,Implemented mobile implementation,
121,true,43,266,,Vampires,Reverse-engineered heuristic time-frame,
116,true,43,279,,Advance to the Rear,Pre-emptive real-time strategy,
331,true,43,290,,"Thin Man, The",Triple-buffered executive synergy,
549,true,43,302,,War and Peace (Voyna i mir),Multi-layered needs-based local area network,
771,true,43,332,,Novocaine,Upgradable clear-thinking workforce,
158,true,43,368,,Wadd: The Life & Times of John C. Holmes,Enhanced maximized algorithm,
398,true,43,370,,Olympian Holiday (Loma) ,Automated upward-trending throughput,
145,true,43,380,,Vesku from Finland (Vesku),Cross-platform human-resource time-frame,
599,true,43,419,,Red Corner,Monitored transitional solution,
379,true,43,468,,Backflash (Backflash Blues),Intuitive bi-directional time-frame,
146,true,43,476,,"Lair of the White Worm, The",Exclusive system-worthy artificial intelligence,
353,true,43,490,,Fanny,Upgradable upward-trending solution,
580,true,43,533,,Pieta,Fundamental 3rd generation internet solution,
506,true,43,536,,Ossessione,Team-oriented fault-tolerant hardware,
367,true,43,554,,Three Ages,Horizontal contextually-based infrastructure,
876,true,43,562,,Without Pity,User-centric human-resource architecture,
884,true,43,629,,"Unspeakable Act, The",Exclusive 24 hour infrastructure,
494,true,43,665,,24 City (Er shi si cheng ji),Organized executive project,
905,true,43,796,,"Over-Eater, The (L\'outremangeur)",Streamlined mobile analyzer,
921,true,43,814,,Saturday Night,Customizable 4th generation firmware,
775,true,43,821,,"Killing of Sister George, The",Fully-configurable maximized knowledge user,
508,true,43,823,,Blackfish,Reactive object-oriented standardization,
308,true,44,3,,Battleground,Cross-group leading edge instruction set,
399,true,44,10,,Tracker,Inverse tangible system engine,
280,true,44,11,,Woman on the Beach (Haebyeonui yeoin),Cross-group demand-driven framework,
991,true,44,28,,Mr. & Mrs. Bridge,Centralized high-level interface,
249,true,44,35,,Only God Knows (Sólo Dios Sabe),Team-oriented modular frame,
60,true,44,67,,"Suddenly, Last Summer",Multi-channelled optimal pricing structure,
177,true,44,128,,"Innocent, The (Innocente, L\')",Robust analyzing matrices,
646,true,44,152,,The Dot and the Line : A Romance in Lower Mathematics,Secured explicit application,
829,true,44,194,,Extract,Public-key national throughput,
136,true,44,225,,Ossos,Digitized 5th generation support,
376,true,44,245,,Deliver Us from Evil,Adaptive attitude-oriented internet solution,
330,true,44,294,,"Boost, The",Quality-focused holistic task-force,
673,true,44,358,,Excuse Me for Living,Operative intangible process improvement,
461,true,44,420,,Space Station 76,Re-contextualized disintermediate workforce,
748,true,44,421,,Children of the Decree (Das Experiment 770 - Gebären auf Befehl),Organized regional conglomeration,
590,true,44,428,,Malcolm X,User-centric solution-oriented orchestration,
248,true,44,450,,Peter Ibbetson,Stand-alone background knowledge user,
502,true,44,458,,Desperate Hours,Phased encompassing knowledge base,
663,true,44,487,,Raid on Rommel,Automated user-facing instruction set,
394,true,44,507,,To Cross the Rubicon,Multi-tiered didactic functionalities,
187,true,44,596,,Torn Curtain,Multi-layered value-added intranet,
825,true,44,672,,I Like Killing Flies,Pre-emptive directional implementation,
19,true,44,676,,Comrade Pedersen (Gymnaslærer Pedersen),Devolved client-driven framework,
732,true,44,687,,"Psychomania (Death Wheelers, The)",Object-based fault-tolerant function,
698,true,44,707,,Bluebeard (Barbe-Bleue),Open-source global infrastructure,
826,true,44,731,,Diary of a Cannibal,Down-sized intermediate firmware,
596,true,44,759,,Domestic Disturbance,Upgradable coherent firmware,
659,true,44,840,,Jupiter\'s Darling,Multi-lateral mobile pricing structure,
784,true,44,841,,"Tsatsiki, Morsan och Polisen",Quality-focused responsive ability,
148,true,44,875,,"Paradine Case, The",Configurable non-volatile complexity,
86,true,44,886,,Chapter 27,Vision-oriented executive website,
489,true,46,18,,"Pope of Greenwich Village, The",Fully-configurable foreground customer loyalty,
740,true,46,39,,Chances Are,Customer-focused 24/7 hierarchy,
810,true,46,47,,"Bat, The",Adaptive asynchronous projection,
890,true,46,101,,Yossi & Jagger,Cross-group well-modulated knowledge user,
89,true,46,113,,Getaway,Innovative holistic data-warehouse,
800,true,46,132,,Wind Chill,Implemented analyzing circuit,
881,true,46,133,,Affluenza,Multi-lateral object-oriented focus group,
838,true,46,202,,"Class Trip, The (La classe de neige)",Synergistic tertiary capability,
166,true,46,239,,Devil Times Five (a.k.a. Peopletoys),Intuitive executive hub,
126,true,46,258,,Galaxy Quest,Assimilated multimedia framework,
886,true,46,309,,Crazy Mama,Versatile leading edge circuit,
300,true,46,322,,Quarantine,Total static middleware,
105,true,46,336,,Downhill Racer,Multi-layered non-volatile orchestration,
894,true,46,362,,"Toxic Avenger Part III: The Last Temptation of Toxie, The",Digitized mobile function,
438,true,46,532,,"Farewell to Arms, A",Devolved analyzing service-desk,
382,true,46,544,,Jimmy\'s Hall,Diverse bandwidth-monitored open architecture,
766,true,46,574,,Knuckle ,Fundamental explicit open system,
493,true,46,577,,Bad Guy (Nabbeun namja),Streamlined demand-driven secured line,
559,true,46,589,,Straight Time,Inverse 5th generation parallelism,
889,true,46,605,,"War, Inc.",Integrated homogeneous paradigm,
791,true,46,632,,Deadline at Dawn,Stand-alone context-sensitive service-desk,
284,true,46,633,,We Are What We Are,Quality-focused discrete service-desk,
402,true,46,661,,Teenage Mutant Ninja Turtles III,Quality-focused real-time workforce,
702,true,46,691,,Rurouni Kenshin (Rurôni Kenshin: Meiji kenkaku roman tan),Enhanced incremental flexibility,
440,true,46,744,,Italian for Beginners (Italiensk for begyndere),Open-architected background capacity,
332,true,46,880,,Girl Most Likely,Upgradable leading edge time-frame,
930,true,46,888,,Crime Busters,Profound motivating extranet,
38,true,48,16,,"Pinochet Case, The (Cas Pinochet, Le)",Synergistic well-modulated ability,
435,true,48,56,,"Give \'em Hell, Malone",User-friendly hybrid capacity,
217,true,48,100,,"Brave, The",Re-contextualized tangible local area network,
13,true,48,142,,Lahore,Total heuristic flexibility,
443,true,48,186,,"Strategy of the Snail, The (Estrategia del Caracol, La)",Open-source upward-trending encoding,
252,true,48,203,,Love Exposure,Horizontal real-time product,
469,true,48,219,,Logan\'s Run,Face to face attitude-oriented parallelism,
304,true,48,281,,Twelve and Holding,Optional local data-warehouse,
906,true,48,290,,"Guard Post, The (G.P. 506)",Proactive demand-driven pricing structure,
274,true,48,293,,10 Items or Less,Realigned 4th generation standardization,
944,true,48,302,,"I Love You, I Love You (Je t\'aime je t\'aime)",Universal neutral extranet,
530,true,48,304,,"Message from Akira Kurosawa: For Beautiful Movies, A (Kurosawa Akira kara no messêji: Utsukushii eiga o)",Extended client-server functionalities,
238,true,48,415,,Mahogany,Enhanced mission-critical Graphic Interface,
972,true,48,436,,We the Party,Expanded secondary core,
275,true,48,467,,"Woman\'s Face, A (En kvinnas ansikte) ",Self-enabling analyzing artificial intelligence,
992,true,48,482,,"Bullfighters, The",Synchronised neutral portal,
946,true,48,485,,Stephen Fry In America - New World,Streamlined interactive artificial intelligence,
796,true,48,490,,"Taxing Woman, A (Marusa no onna)",Reactive national protocol,
706,true,48,511,,"Glass Web, The",Multi-lateral logistical portal,
603,true,48,558,,Courage Under Fire,Innovative optimizing open system,
932,true,48,572,,Hidden Agenda,Reduced tertiary workforce,
140,true,48,643,,Cream Lemon (Kurîmu remon),Function-based dynamic data-warehouse,
769,true,48,735,,Black Angel,Diverse actuating process improvement,
611,true,48,749,,Stay Tuned,Inverse asynchronous matrix,
868,true,48,771,,Dead Tired (Grosse Fatigue),Switchable uniform access,
318,true,48,782,,Donnie Brasco,Profit-focused systemic implementation,
555,true,48,800,,MacGyver: Trail to Doomsday,Expanded content-based help-desk,
468,true,48,836,,V/H/S/2,Self-enabling solution-oriented definition,
427,true,49,13,,All American Orgy (Cummings Farm),Synergistic 3rd generation utilisation,
388,true,49,99,,Highway 61,Proactive context-sensitive hardware,
338,true,49,100,,Saawariya,Function-based didactic secured line,
577,true,49,116,,Omega Doom,Organized client-server functionalities,
853,true,49,119,,With Love... from the Age of Reason,Diverse uniform toolset,
436,true,49,122,,Zotz!,Enhanced bottom-line solution,
610,true,49,168,,Elena Undone,Reverse-engineered hybrid local area network,
357,true,49,177,,Double Harness,Open-source discrete service-desk,
230,true,49,255,,This Is Not a Film (In film nist),Future-proofed explicit moratorium,
872,true,49,256,,Bedlam,Optional hybrid interface,
322,true,49,258,,Down Argentine Way,Open-architected leading edge protocol,
893,true,49,367,,Batch \'81,Enterprise-wide non-volatile functionalities,
871,true,49,387,,"Clean, Shaven",Reverse-engineered bandwidth-monitored migration,
891,true,49,407,,Blast from the Past,Automated systematic access,
777,true,49,413,,Aglaya,Enterprise-wide 4th generation toolset,
645,true,49,429,,Tango & Cash,Operative 5th generation framework,
503,true,49,478,,Monsieur Lazhar,Vision-oriented responsive hardware,
937,true,49,480,,Twogether,Programmable discrete hierarchy,
861,true,49,508,,Thirst (a.k.a. Three Strange Loves) (Törst),Right-sized bi-directional core,
557,true,49,514,,An Apology to Elephants,Streamlined 4th generation utilisation,
1000,true,49,517,,Returner (Ritaanaa),Distributed multimedia circuit,
887,true,49,543,,"Summit, The",Balanced didactic policy,
478,true,49,569,,"Hobbit, The",Front-line 3rd generation knowledge base,
453,true,49,612,,Wonderland,Virtual bi-directional installation,
699,true,49,614,,Revenge of the Zombies,Ergonomic empowering workforce,
789,true,49,676,,Taking Sides,Multi-channelled modular ability,
343,true,49,688,,In the Cut,Expanded attitude-oriented circuit,
833,true,49,694,,Hunter Prey,Organic background neural-net,
456,true,49,701,,Emergo (Apartment 143),Multi-layered eco-centric productivity,
820,true,49,747,,"Hasty Heart, The",Virtual real-time collaboration,
712,true,49,776,,"Return of Dracula, The",Compatible 4th generation conglomeration,
814,true,105,77,,"Handful of Dust, A",Synergistic mission-critical extranet,
933,true,105,102,,Square Dance,Monitored client-server toolset,
578,true,105,179,,Belle of the Nineties,Cross-platform empowering model,
524,true,105,194,,Four Adventures of Reinette and Mirabelle (4 aventures de Reinette et Mirabelle),Centralized directional data-warehouse,
665,true,105,203,,"Human Comedy, The",Enhanced well-modulated concept,
270,true,105,227,,"It Is Written in the Stars, Inspector Palmu (Tähdet kertovat, komisario Palmu)",Object-based homogeneous product,
537,true,105,311,,Ploy,Mandatory impactful knowledge user,
844,true,105,314,,The Sea Chase,Centralized multimedia model,
922,true,105,388,,"It\'s Me, It\'s Me (Ore Ore)",Reduced radical utilisation,
220,true,105,401,,Devil,Profit-focused full-range policy,
335,true,105,407,,Collision Earth,Adaptive real-time Graphic Interface,
500,true,105,441,,"Lady of Chance, A",Assimilated well-modulated matrices,
244,true,105,478,,Buddy Buddy,Total mission-critical local area network,
113,true,105,483,,Let\'s Be Cops,Assimilated full-range info-mediaries,
137,true,105,489,,Masterminds,Organized didactic infrastructure,
53,true,105,500,,"Real McCoy, The",Organized multi-tasking complexity,
915,true,105,522,,Annie Get Your Gun,User-centric upward-trending budgetary management,
703,true,105,526,,"Dreamlife of Angels, The (Vie rêvée des anges, La)",Stand-alone bottom-line monitoring,
91,true,105,545,,Jimi: All Is by My Side,Integrated upward-trending customer loyalty,
947,true,105,566,,"River Runs Through It, A",Exclusive human-resource alliance,
491,true,105,574,,Care Bears Movie II: A New Generation,Switchable discrete instruction set,
910,true,105,587,,Kung Fu Panda: Secrets of the Furious Five,Advanced disintermediate algorithm,
254,true,105,656,,Once Bitten,Virtual systemic process improvement,
718,true,105,657,,The Land Before Time XIII: The Wisdom of Friends,Monitored full-range complexity,
467,true,105,666,,Tar,Programmable cohesive standardization,
433,true,105,692,,"Beverly Hillbillies, The",Organic object-oriented website,
522,true,105,741,,"Decoy Bride, The",Up-sized tangible complexity,
403,true,105,752,,20 Years After,Public-key empowering Graphic Interface,
708,true,105,753,,Little Hamlet,Extended systematic structure,
431,true,105,757,,District 13 (Banlieue 13),Distributed mission-critical Graphic Interface,
690,true,105,760,,Three Crowns of the Sailor (Les trois couronnes du matelot),Upgradable next generation service-desk,
897,true,105,765,,"Longshots, The",Phased scalable project,
744,true,105,770,,Michael,Switchable eco-centric support,
942,true,105,838,,Regeneration,Sharable full-range portal,
127,true,105,859,,"Brass Teapot, The",Business-focused 3rd generation matrices,
816,true,105,883,,Night Will Fall,Configurable intangible structure,
858,true,106,35,,Super Bitch,Open-source non-volatile infrastructure,
163,true,106,39,,International House,Grass-roots needs-based frame,
437,true,106,41,,Champagne,Triple-buffered radical parallelism,
965,true,106,61,,His Girl Friday,Versatile full-range policy,
455,true,106,68,,Solas,Object-based optimizing utilisation,
912,true,106,83,,Welcome to Sarajevo,Up-sized intermediate product,
266,true,106,98,,Zombieland,Fully-configurable bandwidth-monitored knowledge user,
831,true,106,118,,Ravenous,Open-source bandwidth-monitored capacity,
276,true,106,124,,"Palm Beach Story, The",Advanced uniform flexibility,
233,true,106,133,,Man of the House,Customer-focused client-server forecast,
642,true,106,175,,Fever,Stand-alone optimizing internet solution,
237,true,106,201,,In Their Skin,Visionary asymmetric flexibility,
908,true,106,223,,"13th Warrior, The",Inverse modular success,
352,true,106,228,,Gangs of Wasseypur,Implemented homogeneous open architecture,
620,true,106,239,,Beetlejuice,Exclusive homogeneous interface,
30,true,106,274,,"Edison, the Man",Fundamental interactive migration,
143,true,106,284,,Made in Hong Kong (Xiang Gang zhi zao),Synergized zero defect instruction set,
29,true,106,310,,Unhook the Stars,Expanded actuating project,
758,true,106,409,,"Tingler, The",Cross-group global access,
689,true,106,434,,Troma\'s War ,Face to face bi-directional throughput,
313,true,106,451,,Fanny,Virtual even-keeled groupware,
314,true,106,469,,Late Bloomers,Adaptive dynamic software,
864,true,106,471,,It Happened Tomorrow,De-engineered bandwidth-monitored frame,
586,true,106,496,,"Saga of Gosta Berling, The (Gösta Berlings saga)",Multi-lateral transitional projection,
259,true,106,498,,"Grandpa for Christmas, A (Bert & Becca)",Profound multi-tasking middleware,
181,true,106,540,,"Hucksters, The",Multi-tiered zero defect concept,
964,true,106,572,,Crossroads,Digitized disintermediate matrix,
692,true,106,582,,Weight of the Nation,Reverse-engineered hybrid utilisation,
552,true,106,659,,"Monkey\'s Paw, The",Advanced non-volatile budgetary management,
349,true,106,672,,Zombeavers,Sharable 4th generation groupware,
567,true,106,728,,Voices of Iraq,Business-focused demand-driven extranet,
591,true,106,761,,Such a Long Journey,Extended 5th generation customer loyalty,
458,true,106,788,,"No Blood Relation (Stepchild, The) (Nasanunaka)",Universal high-level project,
926,true,106,826,,Gate of Flesh (Nikutai no mon),Upgradable analyzing capacity,
955,true,106,896,,Venus,Profit-focused intangible contingency,
195,true,106,899,,Linda Linda Linda,Ergonomic tangible neural-net,
197,true,107,8,,The Mystery of the Leaping Fish,Advanced stable pricing structure,
365,true,107,21,,Song of the South,Self-enabling coherent service-desk,
261,true,107,22,,Twelve Angry Men,Extended scalable framework,
35,true,107,31,,Dead Awake,Enhanced demand-driven hierarchy,
717,true,107,50,,Simon,Adaptive bifurcated moratorium,
46,true,107,80,,Recipe for Love,Cloned scalable contingency,
694,true,107,82,,"Party, The (Boum, La)",Operative impactful project,
381,true,107,158,,Sonatine (Sonachine),Optional eco-centric installation,
151,true,107,194,,Podwórka,Balanced zero tolerance framework,
623,true,107,227,,Greetings,Team-oriented empowering core,
824,true,107,240,,Bomber,Balanced fault-tolerant toolset,
118,true,107,241,,"Not on Your Life (Verdugo, El) (Executioner, The)",Multi-tiered transitional matrix,
380,true,107,255,,First Daughter,Future-proofed encompassing parallelism,
823,true,107,282,,Running Free,Multi-lateral foreground task-force,
751,true,107,304,,Kiki\'s Delivery Service (Majo no takkyûbin),Adaptive fresh-thinking projection,
104,true,107,305,,Nurse Betty,Organic empowering support,
931,true,107,306,,Charly,Balanced zero administration frame,
188,true,107,328,,My Fellow Americans,Upgradable directional hub,
531,true,107,366,,"Rink, The",Ergonomic stable service-desk,
651,true,107,371,,Jefferson in Paris,Programmable motivating archive,
878,true,107,373,,"All Together, The",Compatible responsive project,
756,true,107,387,,Made for Each Other,Re-contextualized dynamic knowledge base,
117,true,107,452,,Fingers at the Window,Sharable cohesive standardization,
102,true,107,507,,"Champion, The",Ergonomic fresh-thinking Graphic Interface,
288,true,107,559,,"Pig\'s Tale, A",Open-source mobile definition,
184,true,107,580,,East Meets West (Dung sing sai tsau 2011),Realigned static conglomeration,
390,true,107,622,,Bhowani Junction,Networked client-server time-frame,
959,true,107,661,,21 Up,Adaptive tangible orchestration,
582,true,107,662,,Kurt & Courtney,Programmable global hardware,
65,true,107,670,,Missile to the Moon,Switchable even-keeled structure,
839,true,107,716,,Zatoichi Meets Yojimbo (Zatôichi to Yôjinbô) (Zatôichi 20),Focused optimal portal,
206,true,107,736,,"Django, Kill... If You Live, Shoot! (Se sei vivo spara)",Stand-alone multimedia neural-net,
927,true,107,745,,"Hunger, The",Persevering fault-tolerant database,
320,true,107,771,,Birds of America,Re-engineered web-enabled array,
374,true,107,784,,"Not with My Wife, You Don\'t!",Team-oriented non-volatile extranet,
216,true,107,790,,Death and the Maiden,Open-source incremental leverage,
103,true,107,813,,Talladega Nights: The Ballad of Ricky Bobby,Managed homogeneous application,
636,true,107,851,,Sut (Milk),Cross-platform tangible definition,
543,true,109,60,,How to Stop Being a Loser,Re-engineered transitional installation,
767,true,109,61,,"Reuben, Reuben",Multi-tiered regional emulation,
366,true,109,94,,"Fat, Sick & Nearly Dead",Mandatory static toolset,
976,true,109,117,,"House Bunny, The",Synergistic radical strategy,
546,true,109,126,,Conquest,Upgradable human-resource hierarchy,
883,true,109,138,,Bill Hicks: Revelations,Robust intermediate conglomeration,
52,true,109,143,,Raging Bull,Decentralized actuating data-warehouse,
846,true,109,150,,"Misérables, Les",Extended intangible time-frame,
722,true,109,171,,Turks & Caicos,Right-sized real-time monitoring,
911,true,109,192,,"End of the Line, The",Centralized directional benchmark,
44,true,109,212,,MR 73 (a.k.a. The Last Deadly Mission),Polarised asynchronous function,
966,true,109,243,,Murder on the Orient Express,Adaptive full-range policy,
25,true,109,269,,Underworld,Innovative 5th generation software,
211,true,109,293,,"Mummy, The",Fully-configurable leading edge project,
773,true,109,342,,Man Hunt,Front-line disintermediate portal,
42,true,109,351,,Welcome to Collinwood,Configurable stable hub,
613,true,109,389,,"Law of Desire (Ley del deseo, La)",De-engineered zero defect standardization,
253,true,109,394,,Stupid Boy (Garçon stupide),Reverse-engineered methodical website,
135,true,109,413,,Ira and Abby,Cloned hybrid forecast,
286,true,109,414,,Breakin\' All the Rules,Profit-focused multi-tasking workforce,
834,true,109,428,,Human Desire,Robust secondary function,
167,true,109,435,,"Greatest Movie Ever Sold, The (POM Wonderful Presents: The Greatest Movie Ever Sold)",Enhanced optimal budgetary management,
770,true,109,450,,Keep the River on Your Right: A Modern Cannibal Tale,Synergized 24/7 middleware,
634,true,109,455,,Johnny Skidmarks,Team-oriented reciprocal success,
212,true,109,532,,The Count of Monte Cristo,Extended optimal system engine,
526,true,109,619,,"Monkey\'s Teeth (Dents du singe, Les)",Secured optimizing installation,
283,true,109,620,,Z.P.G.,Automated cohesive strategy,
618,true,109,624,,Golem,Virtual leading edge success,
161,true,109,648,,Revengers Tragedy,Balanced client-driven paradigm,
865,true,109,651,,Capital (Le capital),Persevering 24 hour open architecture,
851,true,109,653,,Document of the Dead,Decentralized explicit hub,
625,true,109,656,,Darling Lili,Versatile logistical alliance,
221,true,109,676,,Trailer Park Boys: Live at the North Pole,Future-proofed stable budgetary management,
242,true,109,706,,Oscar and Lucinda (a.k.a. Oscar & Lucinda),Organic 24/7 array,
428,true,109,738,,"Pure Formality, A (Pura formalità, Una)",Balanced dynamic framework,
711,true,109,758,,"Polar Bear King, The (Kvitebjørn Kong Valemon)",Team-oriented composite capacity,
153,true,109,770,,Christmas Evil (a.k.a. You Better Watch Out),Centralized maximized functionalities,
938,true,109,799,,Love with the Proper Stranger,Progressive solution-oriented website,
609,true,109,831,,Girl Walks Into a Bar,Devolved cohesive synergy,
